transaction_id,amount,transaction_hour,merchant_category,foreign_transaction,location_mismatch,device_trust_score,velocity_last_24h,cardholder_age,Actual_Fraud,Predicted_Fraud
9945,61.48,7,0,0,0,45,3,46,0,0
2602,10.06,20,3,0,0,25,3,26,0,0
343,34.24,5,1,0,0,84,1,21,0,0
3223,15.71,10,4,0,0,31,3,43,0,0
5217,105.84,17,0,0,0,26,1,21,0,0
7798,32.36,7,4,0,0,58,5,18,0,0
945,41.62,19,2,0,0,93,2,65,0,0
4713,53.39,6,1,0,0,40,3,46,0,0
9430,317.55,23,2,0,0,61,2,21,0,0
4625,522.15,5,1,0,0,60,1,34,0,0
4506,60.54,14,2,0,0,36,2,62,0,0
750,176.18,7,3,1,0,83,0,64,0,0
4025,201.25,16,2,0,1,34,4,49,0,0
6879,263.58,15,1,0,0,37,0,23,0,0
1550,180.51,20,4,0,0,50,0,57,0,0
2581,23.61,1,1,0,0,98,3,42,0,0
4281,31.95,2,3,0,0,81,1,38,0,0
8894,122.56,9,3,0,0,87,5,45,0,0
8352,9.1,23,2,0,0,58,2,28,0,0
7214,128.08,12,1,0,0,60,3,23,0,0
3203,38.79,18,1,0,0,47,2,49,0,0
7114,38.21,11,3,0,0,30,0,54,0,0
6491,166.65,2,4,0,0,76,1,45,0,0
2154,314.74,0,0,0,0,64,0,22,0,0
1802,240.76,21,3,0,0,46,2,32,0,0
4739,84.55,0,4,0,0,94,3,43,0,0
2790,947.31,14,0,0,1,87,2,32,0,0
6729,586.48,18,0,0,0,81,3,50,0,0
9273,196.16,16,0,0,1,85,1,38,0,0
9130,541.38,7,1,0,0,60,4,31,0,0
8191,372.0,6,4,0,0,60,1,66,0,0
2649,102.05,12,1,0,0,72,1,27,0,0
6834,451.33,2,0,0,0,35,1,18,0,0
8032,185.01,3,3,0,0,84,1,62,0,0
7358,524.63,21,4,0,0,74,2,20,0,0
1262,287.52,14,1,0,1,45,0,33,0,0
1523,77.99,14,2,0,0,26,1,25,0,0
9420,131.16,19,3,0,0,74,3,32,0,0
7124,380.84,10,2,0,0,80,1,40,0,0
9711,37.49,10,3,0,0,48,1,24,0,0
5429,205.82,19,0,0,0,34,1,33,0,0
6381,165.17,2,2,0,0,66,0,35,0,0
9197,241.63,1,4,0,0,80,2,67,0,0
9657,521.9,10,4,1,0,71,1,39,0,0
6315,58.51,10,0,0,0,72,5,66,0,0
14,42.96,3,4,0,0,40,2,43,0,0
1918,161.83,13,4,0,0,66,2,38,0,0
5695,253.04,17,1,1,0,28,0,41,0,0
5111,631.63,16,3,0,0,55,4,68,0,0
7009,49.69,12,3,0,0,47,1,58,0,0
5123,10.42,11,4,0,0,86,1,35,0,0
2111,27.3,19,1,1,0,33,2,48,0,0
9983,67.31,3,4,0,0,74,2,51,0,0
9509,61.2,23,4,0,0,81,2,27,0,0
8266,2.53,7,2,0,0,90,2,55,0,0
701,136.9,1,4,0,0,60,2,52,0,0
7657,226.79,2,3,1,1,91,3,52,1,1
9306,26.93,2,1,0,0,46,1,67,0,0
1711,29.68,5,0,0,0,68,1,44,0,0
62,56.98,7,2,1,0,60,2,43,0,0
2606,128.82,20,4,0,0,58,5,21,0,0
830,108.34,11,0,0,0,76,2,42,0,0
6726,16.91,7,2,0,1,56,2,62,0,0
3424,7.15,1,3,0,0,81,2,33,0,0
3775,193.48,6,0,0,0,67,5,43,0,0
5530,62.32,12,3,1,0,51,0,35,0,0
8928,32.28,6,4,0,0,65,1,41,0,0
5748,703.76,8,2,0,0,34,2,25,0,0
950,163.77,6,1,1,0,66,2,38,0,0
8170,39.0,7,1,0,0,52,1,64,0,0
1674,295.11,5,0,0,0,52,3,63,0,0
3292,377.72,0,3,0,0,41,3,53,0,0
9268,59.16,12,3,0,0,77,2,28,0,0
6917,85.86,5,0,1,1,45,1,67,0,0
6878,38.18,1,0,0,0,69,1,47,0,0
843,35.29,18,0,0,0,79,1,38,0,0
6097,9.67,22,4,0,0,86,3,18,0,0
9124,405.8,13,1,0,0,73,0,31,0,0
8957,186.37,19,4,0,0,77,4,43,0,0
7903,56.43,8,2,0,0,29,0,42,0,0
8954,149.76,3,4,0,0,57,1,36,0,0
4010,10.5,19,4,0,0,69,3,21,0,0
7213,55.96,15,2,0,0,78,4,30,0,0
1258,121.77,20,4,1,0,87,5,58,0,0
9655,131.91,4,2,0,0,55,5,26,0,0
2059,189.47,3,3,0,0,50,1,30,0,0
119,401.55,2,4,0,0,46,1,39,0,0
8670,299.62,19,2,0,0,40,1,39,0,0
3230,45.27,4,1,0,0,34,3,36,0,0
8071,102.96,20,4,0,0,88,2,63,0,0
5840,178.97,14,2,0,0,69,1,66,0,0
9174,14.25,22,3,0,0,28,2,20,0,0
9102,282.64,2,4,0,0,48,2,47,0,0
2171,208.69,0,0,0,0,60,2,28,0,0
8346,251.7,11,4,0,0,78,2,36,0,0
5389,152.42,10,3,0,0,44,2,54,0,0
4464,26.15,14,4,0,0,70,0,67,0,0
8122,178.43,3,4,0,1,37,0,53,1,1
4214,47.92,4,1,0,0,69,1,28,0,0
8820,75.41,16,4,0,0,83,3,41,0,0
6457,172.01,10,1,0,0,93,4,57,0,0
2409,796.65,4,2,0,0,34,1,31,0,0
3392,410.76,18,0,0,0,46,0,34,0,0
2079,755.82,9,4,0,0,49,3,41,0,0
7710,330.75,15,4,0,0,28,3,31,0,0
3873,30.7,14,2,0,0,77,2,35,0,0
5196,287.91,12,1,0,0,90,2,52,0,0
6722,14.14,21,1,0,0,83,2,48,0,0
4574,255.42,0,1,0,0,56,2,37,0,0
2781,9.23,19,0,0,0,54,3,44,0,0
1099,272.2,0,1,0,0,88,1,22,0,0
1841,83.79,11,4,0,0,30,4,36,0,0
4882,113.95,1,3,0,0,72,2,58,0,0
2012,11.65,16,2,0,0,47,0,58,0,0
7693,53.39,13,1,0,0,59,2,43,0,0
2092,600.76,1,1,0,0,61,1,51,0,0
9542,76.42,15,1,1,0,27,1,43,0,0
8962,131.93,0,4,1,0,52,2,44,0,0
3102,248.37,18,4,0,0,74,1,57,0,0
2710,62.49,3,1,0,0,27,1,64,0,0
3547,15.54,22,3,0,0,35,0,23,0,0
9489,18.91,15,1,0,0,44,1,33,0,0
1693,91.55,11,2,0,0,34,3,64,0,0
3955,47.39,2,1,0,0,43,1,42,0,0
7141,524.64,22,0,0,0,62,3,18,0,0
4951,90.47,3,2,0,0,78,0,19,0,0
532,1471.04,15,1,1,0,44,3,48,0,0
3194,71.21,9,1,0,0,65,2,38,0,0
4323,200.79,23,0,0,1,71,4,66,0,0
22,27.04,1,0,0,0,85,1,49,0,0
1610,139.78,14,1,0,0,52,2,18,0,0
3639,62.02,11,2,1,0,78,2,24,0,0
6682,47.79,18,0,0,0,32,1,53,0,0
5319,27.74,15,4,0,0,76,1,44,0,0
9108,300.1,20,4,0,0,30,2,66,0,0
7475,91.42,18,2,1,0,31,1,50,0,0
5621,19.34,3,2,0,0,55,3,66,0,0
7095,79.41,23,4,0,0,66,1,25,0,0
8287,104.78,15,3,0,1,45,2,31,0,0
1517,187.67,5,0,0,0,96,2,52,0,0
3790,709.35,18,3,0,0,56,0,25,0,0
1117,17.27,17,1,0,0,27,0,34,0,0
3345,115.61,8,3,0,0,62,4,64,0,0
534,145.92,13,3,0,0,28,3,47,0,0
4040,155.21,13,2,0,0,28,2,31,0,0
9288,308.96,22,4,0,1,57,2,41,0,0
2748,28.61,12,4,0,0,76,2,53,0,0
3715,830.9,4,0,0,0,62,3,48,0,0
1715,10.79,13,4,1,0,30,1,52,0,0
7167,353.58,21,2,1,1,44,2,50,0,0
7612,35.47,3,4,0,0,72,1,64,0,0
6059,337.66,13,3,0,0,83,5,35,0,0
9584,25.88,13,2,0,0,25,3,56,0,0
3364,55.19,8,4,0,0,53,1,21,0,0
8468,132.18,12,4,1,0,77,2,63,0,0
4855,177.83,5,0,0,0,41,4,32,0,0
9483,171.43,18,1,0,0,41,4,32,0,0
7332,356.0,0,4,0,1,78,4,46,0,0
9203,164.61,21,3,0,0,29,3,62,0,0
2094,133.37,9,2,0,0,96,0,69,0,0
3553,156.45,1,3,0,0,50,1,69,0,0
4055,272.15,11,4,0,0,72,4,57,0,0
259,151.94,1,0,0,0,86,2,18,0,0
1068,21.07,2,4,0,0,70,1,65,0,0
7916,50.54,2,0,0,0,75,0,39,0,0
895,198.52,19,3,0,0,27,0,47,0,0
1196,369.38,9,3,0,0,88,1,55,0,0
9200,152.15,5,1,0,0,39,3,46,0,0
8176,61.18,9,0,0,0,51,2,56,0,0
2442,140.44,21,1,0,0,74,0,66,0,0
266,243.01,12,3,0,0,26,3,65,0,0
5435,163.2,9,4,0,0,78,4,57,0,0
2856,126.92,6,1,0,0,40,2,67,0,0
2797,13.66,5,3,0,0,86,3,49,0,0
7976,30.05,10,0,0,0,62,7,32,0,0
1411,41.48,17,2,0,0,82,2,47,0,0
840,180.07,22,3,0,0,40,2,38,0,0
8977,71.75,23,3,0,0,82,2,35,0,0
7397,31.92,19,0,0,0,85,0,19,0,0
4936,78.0,18,0,0,0,49,0,48,0,0
1485,70.64,23,2,0,0,80,1,51,0,0
2397,30.2,14,0,0,0,84,1,39,0,0
8177,48.46,8,0,0,0,59,3,31,0,0
1696,12.71,11,2,0,0,29,4,35,0,0
7012,295.09,17,4,0,0,70,4,43,0,0
4525,299.08,8,3,1,0,33,3,59,0,0
6131,84.88,20,2,0,1,42,3,69,0,0
8112,65.55,5,3,0,0,77,3,52,0,0
7959,29.32,1,4,0,0,45,2,32,0,0
7516,309.24,2,4,0,0,85,1,21,0,0
1268,117.69,15,0,0,0,88,1,37,0,0
7509,167.97,18,4,0,0,49,3,44,0,0
4520,4.11,23,4,0,0,88,3,40,0,0
8570,57.74,2,4,0,0,30,0,22,0,0
3762,238.99,1,3,0,0,28,1,26,0,0
1259,11.95,18,3,0,0,45,0,38,0,0
281,397.32,6,3,0,0,49,2,39,0,0
4573,49.18,20,4,0,0,88,2,30,0,0
7507,96.51,23,1,0,0,31,2,20,0,0
5379,298.91,11,0,0,1,35,1,63,0,0
3320,266.75,4,3,1,0,37,1,35,0,0
6365,109.41,14,4,0,0,61,5,60,0,0
5847,42.77,20,2,0,1,25,0,43,0,0
8236,142.94,12,4,0,0,36,0,62,0,0
5,30.53,15,2,0,0,79,0,44,0,0
595,408.78,20,4,0,0,56,4,21,0,0
1003,371.37,13,3,0,0,59,2,57,0,0
2114,403.96,2,0,0,0,73,1,43,0,0
6013,694.93,13,2,1,0,59,5,32,0,0
7537,280.1,21,1,0,1,64,2,65,0,0
6158,231.29,3,0,0,0,26,5,35,1,1
5799,600.14,16,1,0,1,95,1,35,0,0
7058,51.06,9,0,0,0,78,4,62,0,0
5186,510.46,20,1,0,0,91,4,50,0,0
5371,87.36,18,3,0,0,42,3,61,0,0
1504,75.13,7,1,0,0,65,1,49,0,0
5273,63.65,13,1,1,0,71,1,29,0,0
4753,202.63,11,1,1,0,65,1,40,0,0
3445,714.52,1,2,0,0,48,5,42,0,0
9643,69.86,10,0,0,1,82,3,69,0,0
9065,126.35,5,1,0,0,37,2,55,0,0
8929,23.72,0,4,0,0,46,0,24,0,0
4217,7.64,12,4,0,0,40,2,48,0,0
8970,12.43,3,0,0,0,31,1,26,0,0
7523,147.92,6,2,0,0,45,0,68,0,0
8542,201.86,3,0,0,1,86,3,35,0,0
6912,685.82,11,3,0,1,63,2,42,0,0
7975,130.71,21,3,0,0,46,4,61,0,0
991,289.17,1,4,0,0,64,5,27,0,0
785,36.07,23,4,0,0,52,3,58,0,0
9761,466.88,11,2,0,0,51,1,38,0,0
934,134.26,15,3,0,0,45,1,35,0,0
3061,63.51,2,0,0,0,53,1,68,0,0
5481,300.48,14,2,0,0,34,2,40,0,0
5852,578.26,7,4,0,0,27,0,34,0,0
7445,74.7,21,0,1,1,79,2,41,0,0
1970,4.78,1,1,0,0,90,1,42,0,0
2851,192.41,12,0,0,0,91,5,59,0,0
6395,840.89,18,4,1,1,74,0,18,0,0
5565,480.4,12,3,0,1,89,1,58,0,0
8805,208.88,1,4,0,0,67,1,44,0,0
2319,98.62,12,3,0,0,96,1,20,0,0
9098,16.24,6,2,0,0,90,0,18,0,0
3611,152.44,11,2,0,0,93,2,62,0,0
4306,15.05,6,3,0,0,51,1,32,0,0
2216,65.43,12,0,0,0,51,1,65,0,0
4838,96.05,21,0,0,1,54,0,55,0,0
1025,519.69,19,3,0,0,51,1,31,0,0
3475,327.8,23,4,0,0,52,1,36,0,0
3441,75.31,23,2,0,0,72,0,35,0,0
7807,228.79,8,0,0,0,79,1,52,0,0
8283,372.23,11,4,1,0,57,3,69,0,0
9505,85.46,23,2,1,0,33,2,41,0,0
9309,32.4,5,2,0,0,31,2,51,0,0
2959,57.65,9,1,0,0,52,1,52,0,0
8183,12.87,0,4,0,0,74,1,62,0,0
7575,1.51,13,0,0,0,86,4,32,0,0
3295,619.93,20,2,0,0,82,1,33,0,0
1692,125.69,11,3,0,0,28,3,45,0,0
2544,171.16,23,2,0,0,80,2,36,0,0
5164,113.79,18,2,0,0,57,1,56,0,0
10,221.63,5,3,0,0,59,1,34,0,0
6119,55.43,19,2,1,0,89,1,60,0,0
2229,63.49,19,1,0,0,91,0,47,0,0
9955,32.72,5,4,0,0,41,0,51,0,0
1859,332.13,5,4,0,0,65,2,30,0,0
6922,8.94,3,2,0,0,99,2,58,0,0
4086,11.13,6,4,0,0,67,1,43,0,0
8926,162.4,18,3,0,0,86,1,68,0,0
240,35.09,15,4,0,0,39,2,32,0,0
5136,85.17,14,2,0,0,98,3,36,0,0
5786,432.56,16,1,0,0,37,1,68,0,0
722,35.99,7,1,0,0,32,1,20,0,0
976,54.75,14,1,0,1,58,2,56,0,0
718,603.57,2,2,0,0,78,4,51,0,0
7325,12.68,16,3,0,0,93,1,24,0,0
1326,73.95,15,2,0,0,42,0,23,0,0
6405,11.09,14,0,0,0,38,2,61,0,0
4830,125.97,19,1,0,0,95,4,56,0,0
7600,59.4,14,1,0,0,54,1,21,0,0
2956,213.5,23,2,0,0,52,1,59,0,0
6368,32.3,13,2,0,0,75,0,55,0,0
2234,344.22,5,4,0,0,32,2,63,0,0
9954,52.1,9,0,0,1,46,3,27,0,0
6128,64.22,0,1,0,0,82,1,29,0,0
8905,167.98,11,2,1,0,72,1,62,0,0
4308,179.01,2,4,0,0,74,3,40,0,0
7664,124.9,2,3,0,0,88,4,49,0,0
5503,47.72,10,3,0,0,30,1,35,0,0
236,230.72,19,1,0,1,51,1,39,0,0
9310,77.92,8,1,0,0,86,1,23,0,0
1237,359.59,10,2,0,0,44,2,68,0,0
2894,191.38,16,0,0,0,81,3,49,0,0
9487,1.02,19,2,0,0,57,2,50,0,0
6843,23.25,11,0,0,0,31,1,59,0,0
877,226.56,3,0,0,0,27,1,22,0,0
9653,51.61,18,0,0,0,70,2,42,0,0
8730,60.16,3,3,0,0,32,0,65,0,0
4965,118.61,23,1,0,0,92,3,24,0,0
4357,44.84,23,1,0,0,42,0,22,0,0
490,397.74,7,2,0,0,80,2,53,0,0
6576,220.84,14,0,0,0,84,1,54,0,0
96,122.55,15,1,0,0,49,1,55,0,0
463,246.71,3,1,1,0,53,1,21,0,0
8639,167.89,11,2,0,0,26,5,61,0,0
7848,122.62,14,0,0,0,31,1,62,0,0
4230,37.92,13,0,0,0,47,0,27,0,0
1224,517.6,15,2,0,0,41,4,45,0,0
1324,44.54,17,1,0,0,33,2,49,0,0
7388,670.38,3,2,0,0,37,4,30,0,0
1489,88.55,19,3,1,0,83,1,33,0,0
4276,156.9,18,3,0,0,36,1,24,0,0
9346,1161.2,20,1,0,0,28,0,47,0,0
7174,249.34,12,0,0,0,88,2,20,0,0
6066,284.34,9,2,0,0,43,1,30,0,0
4972,410.82,18,2,0,0,80,2,60,0,0
8819,154.89,11,3,1,0,72,4,66,0,0
7140,24.3,23,4,0,0,32,6,34,0,0
9506,112.14,4,1,0,1,90,3,27,0,0
6538,394.5,23,0,0,0,97,0,41,0,0
2377,65.83,14,4,0,0,85,3,41,0,0
2368,147.22,5,3,0,0,56,2,28,0,0
134,74.14,17,0,0,0,91,1,44,0,0
8792,10.71,2,0,0,0,84,1,46,0,0
36,297.42,7,0,0,0,65,2,66,0,0
1084,380.33,6,2,0,1,68,2,24,0,0
6112,84.96,16,4,0,0,55,2,25,0,0
6088,41.52,21,1,0,0,25,1,30,0,0
9223,136.72,13,3,0,0,79,4,62,0,0
8101,304.93,1,2,0,0,25,2,59,0,0
141,590.76,19,0,1,0,84,3,23,0,0
8712,61.52,17,3,0,0,55,1,48,0,0
3744,10.3,21,1,0,0,44,3,36,0,0
9854,153.58,11,2,1,0,51,2,25,0,0
9607,302.6,23,2,0,0,25,3,26,0,0
4688,1.94,13,0,0,0,25,3,25,0,0
1078,204.9,2,0,0,0,81,0,28,0,0
8649,228.24,22,2,0,0,27,1,20,0,0
1217,15.48,14,3,0,0,47,3,53,0,0
4960,249.08,12,2,0,0,34,1,53,0,0
5240,82.67,15,1,1,0,52,1,58,0,0
2983,219.66,5,0,0,0,42,2,59,0,0
5737,178.35,21,1,0,0,85,1,50,0,0
5471,209.21,3,2,0,0,32,0,56,0,0
7996,57.43,1,1,1,0,59,1,54,0,0
4291,139.88,3,2,0,0,78,5,32,0,0
4868,28.94,18,2,0,0,75,2,31,0,0
9590,281.78,3,1,0,0,33,1,60,0,0
997,448.69,14,1,0,0,67,1,68,0,0
6502,15.02,12,2,0,0,53,0,30,0,0
3149,278.69,12,2,1,1,88,2,64,0,0
1275,117.88,20,4,1,0,52,6,62,0,0
367,584.84,20,1,0,0,63,1,36,0,0
5679,224.2,8,3,0,1,94,2,36,0,0
9099,496.39,2,0,0,0,66,2,52,0,0
7634,739.86,22,4,0,0,72,1,24,0,0
8243,4.45,15,2,0,0,83,3,26,0,0
9289,93.19,18,0,0,0,89,1,46,0,0
3174,31.48,14,3,0,0,31,1,68,0,0
7698,210.54,17,0,0,0,67,3,69,0,0
4236,68.3,5,0,0,1,39,1,52,0,0
5892,158.84,18,2,0,0,63,1,63,0,0
453,99.37,10,1,0,0,61,0,50,0,0
2474,230.52,21,2,1,0,80,3,50,0,0
3622,44.84,16,1,1,0,50,1,18,0,0
8297,173.08,9,3,0,0,35,1,28,0,0
9352,76.92,8,4,0,0,44,4,29,0,0
3496,42.71,4,0,0,0,35,0,31,0,0
7110,96.79,6,2,0,0,65,2,19,0,0
970,116.34,1,1,0,0,71,5,49,0,0
7591,38.38,0,1,0,1,39,3,51,1,1
7158,111.52,20,0,0,0,70,3,59,0,0
129,1.26,21,2,0,1,67,2,63,0,0
2423,254.06,8,2,1,0,91,6,53,0,0
8115,94.44,22,3,0,0,27,2,48,0,0
5059,147.03,16,4,0,0,48,1,39,0,0
158,258.1,12,0,0,0,73,2,40,0,0
8363,47.84,14,0,0,0,31,1,51,0,0
3450,9.87,21,0,0,0,52,5,39,0,0
4719,102.85,22,4,0,0,89,0,30,0,0
7568,10.21,12,0,0,0,71,2,40,0,0
3109,160.25,17,2,0,0,50,0,50,0,0
4898,63.68,16,4,0,0,82,3,36,0,0
1937,56.6,17,2,0,0,62,2,60,0,0
5260,378.3,17,1,0,0,83,1,52,0,0
4387,578.46,23,2,0,0,51,2,38,0,0
6118,813.84,18,3,0,1,52,2,68,0,0
8976,145.47,6,0,0,0,84,1,47,0,0
419,200.94,10,1,0,0,93,2,45,0,0
1248,5.95,3,0,0,0,72,2,61,0,0
2177,58.95,21,4,1,0,38,0,33,0,0
7909,90.39,19,1,0,0,42,3,53,0,0
4042,61.51,15,0,0,0,94,3,67,0,0
1961,22.67,22,3,0,0,27,0,19,0,0
8664,124.04,18,4,0,1,67,3,38,0,0
1835,300.62,4,3,0,0,96,3,32,0,0
863,133.77,12,2,0,0,52,4,18,0,0
3532,288.17,12,2,1,0,80,2,45,0,0
3757,36.74,1,4,0,1,64,1,32,0,0
7313,65.05,22,1,0,0,87,3,67,0,0
5166,751.85,14,3,0,0,76,3,48,0,0
8215,85.89,18,0,0,0,31,4,66,0,0
1740,96.24,8,4,0,0,71,1,39,0,0
2521,212.29,17,3,0,0,29,2,33,0,0
4239,217.98,20,2,0,0,33,3,54,0,0
9626,72.17,19,1,0,0,51,3,24,0,0
6977,248.58,13,4,0,0,25,1,50,0,0
3726,475.18,3,4,0,0,64,0,65,0,0
3607,314.47,18,4,0,0,90,1,37,0,0
8205,196.36,2,1,0,0,89,4,36,0,0
7229,530.2,3,4,0,0,56,1,50,0,0
7184,265.5,22,4,0,0,26,1,60,0,0
4162,16.0,18,4,0,0,61,1,19,0,0
6379,618.8,6,0,0,1,74,2,69,0,0
3410,7.41,16,1,0,0,62,1,45,0,0
3736,114.6,8,0,0,0,32,1,21,0,0
9041,28.26,14,4,0,0,34,1,45,0,0
2,541.82,3,4,1,0,87,1,64,0,0
2511,11.61,16,0,1,0,67,1,40,0,0
2785,346.08,7,1,0,0,93,2,57,0,0
9314,82.55,8,3,0,0,90,2,28,0,0
2738,141.54,15,0,1,0,55,2,64,0,0
68,291.69,18,1,1,1,68,1,22,0,0
7699,75.88,15,0,0,1,84,7,22,0,0
1661,165.2,14,1,0,0,96,2,68,0,0
9007,64.5,1,4,0,0,58,2,46,0,0
2241,284.88,20,0,0,0,65,4,19,0,0
8229,160.19,15,4,0,0,93,1,50,0,0
6077,70.25,15,0,0,0,60,1,43,0,0
4919,256.75,14,0,0,0,34,3,31,0,0
8840,9.07,23,2,0,0,37,1,50,0,0
7926,54.36,9,2,0,0,34,4,63,0,0
3770,22.31,13,3,0,0,59,2,48,0,0
6904,185.59,20,3,0,0,79,1,69,0,0
3088,2.79,13,1,0,0,81,2,31,0,0
713,114.81,8,2,0,0,78,2,67,0,0
9757,50.04,12,3,0,0,57,3,47,0,0
1790,131.52,19,0,0,0,84,2,65,0,0
4251,85.42,13,4,0,0,65,1,37,0,0
1896,237.74,14,1,0,0,34,0,22,0,0
3191,66.22,9,1,0,1,63,1,23,0,0
9807,241.65,2,2,0,0,87,2,54,0,0
1233,43.14,21,0,0,0,53,1,46,0,0
1597,57.68,0,3,0,0,98,0,45,0,0
6914,43.66,6,3,0,0,81,4,61,0,0
5656,25.04,11,4,0,0,29,3,19,0,0
2976,4.59,22,3,0,0,49,1,19,0,0
547,21.7,5,4,0,0,44,2,25,0,0
1906,40.72,4,0,0,0,92,1,31,0,0
449,84.96,19,2,0,0,51,0,46,0,0
91,22.93,17,3,0,0,97,1,61,0,0
6637,427.27,7,4,0,0,36,2,31,0,0
3239,172.42,4,0,0,1,92,0,68,0,0
5090,22.85,22,0,0,0,73,0,39,0,0
5857,27.96,5,4,1,1,27,1,35,1,1
2764,106.85,6,0,0,0,42,1,49,0,0
911,160.62,8,4,0,0,43,2,32,0,0
9485,413.12,8,1,0,0,25,5,66,0,0
5676,6.12,0,1,0,0,67,0,30,0,0
4545,92.04,3,2,0,1,48,1,55,0,0
3509,338.37,22,1,0,0,75,3,48,0,0
4621,350.37,20,3,0,0,89,1,24,0,0
1673,364.57,23,4,0,0,38,2,61,0,0
7256,144.67,20,1,0,0,31,0,34,0,0
6580,151.46,21,4,0,1,65,1,54,0,0
8822,888.16,21,4,0,0,39,0,69,0,0
3301,102.28,2,1,1,0,32,2,48,1,1
475,135.03,8,1,0,0,88,1,51,0,0
8353,344.43,23,3,0,0,57,3,22,0,0
9283,230.11,0,3,0,0,39,0,37,0,0
4509,158.23,2,4,0,0,25,2,34,0,0
8523,30.69,9,2,0,0,53,1,35,0,0
1773,400.75,21,4,0,0,38,1,59,0,0
211,143.23,19,1,0,0,59,4,32,0,0
8268,81.77,21,3,1,0,42,1,39,0,0
5863,1.35,15,3,0,0,68,2,27,0,0
8020,404.13,4,0,0,0,77,2,34,0,0
5683,443.37,9,3,1,0,48,2,54,0,0
2008,269.87,1,0,0,0,75,2,25,0,0
4846,89.63,15,2,0,0,37,4,44,0,0
8441,56.66,3,3,0,0,85,3,40,0,0
1087,171.07,17,0,0,0,54,2,44,0,0
8322,214.46,18,3,0,0,81,2,53,0,0
8890,18.9,12,2,0,0,57,1,52,0,0
1295,290.23,17,4,0,0,96,2,43,0,0
6748,13.85,7,1,0,0,55,1,35,0,0
3830,45.01,7,2,1,0,57,3,64,0,0
1144,150.14,19,1,0,0,26,1,40,0,0
6116,218.16,21,2,0,0,56,3,21,0,0
1874,330.66,18,2,0,0,76,3,45,0,0
4272,556.47,3,2,0,0,59,3,22,0,0
2228,164.19,9,0,0,0,89,1,18,0,0
5837,391.82,12,4,0,0,32,1,30,0,0
4884,35.76,9,1,0,0,78,2,62,0,0
8143,186.34,15,4,0,0,47,3,20,0,0
6022,345.47,20,0,0,0,51,2,65,0,0
4815,264.11,14,3,0,0,79,1,27,0,0
7886,311.33,20,3,0,0,77,2,59,0,0
7452,103.45,13,2,0,0,96,2,19,0,0
4399,33.51,2,2,0,0,60,2,32,0,0
3154,100.43,20,2,0,0,88,2,39,0,0
8113,655.17,0,2,1,0,61,3,26,0,0
6481,161.59,14,0,1,0,46,0,36,0,0
6541,37.6,22,0,0,0,62,4,29,0,0
8525,138.77,18,1,0,1,76,1,28,0,0
6406,395.03,11,3,0,0,76,1,31,0,0
6434,130.32,22,4,0,0,67,1,66,0,0
7615,50.65,4,4,0,1,77,4,58,0,0
9705,76.47,23,1,0,0,70,1,50,0,0
6679,145.86,12,2,0,0,45,0,67,0,0
7051,379.05,2,0,0,0,75,1,63,0,0
2080,266.12,4,2,0,0,95,1,23,0,0
6537,199.19,12,3,0,0,81,3,58,0,0
3013,65.95,8,4,0,0,72,2,20,0,0
3078,20.15,9,2,0,0,76,2,64,0,0
6789,342.18,4,3,1,1,66,1,58,0,1
3879,146.57,7,0,0,0,78,2,39,0,0
6332,227.33,10,3,0,0,29,1,63,0,0
1046,172.22,1,1,0,0,94,1,59,0,0
3687,476.48,22,2,0,0,65,0,24,0,0
6814,285.73,0,4,0,0,67,3,32,0,0
2508,104.09,18,1,0,0,86,3,64,0,0
674,133.81,13,3,0,0,45,0,45,0,0
9305,248.12,20,0,0,0,59,1,61,0,0
6300,67.19,3,2,0,0,48,1,66,0,0
1032,163.26,11,4,0,0,37,2,47,0,0
9370,156.74,4,2,0,0,74,0,26,0,0
8371,30.6,20,4,0,0,29,6,36,0,0
5819,475.51,0,2,0,0,71,1,57,0,0
1716,948.95,5,4,0,0,60,2,27,0,0
9368,294.79,8,0,1,0,67,2,54,0,0
6160,325.51,16,1,0,0,40,3,56,0,0
3809,9.3,4,4,0,0,39,3,60,0,0
4012,89.54,18,1,0,1,37,5,67,1,0
682,53.69,5,0,0,0,69,4,55,0,0
776,29.24,14,1,1,1,92,2,57,0,0
3588,258.73,20,4,0,0,30,0,57,0,0
7834,376.56,3,2,0,0,98,3,31,0,0
9024,65.64,12,0,0,0,92,2,36,0,0
165,17.03,22,0,0,0,53,0,50,0,0
6724,100.45,2,1,0,0,61,2,62,0,0
5808,717.07,15,0,0,0,77,3,29,0,0
7404,93.31,18,2,0,0,95,1,28,0,0
8952,312.81,9,4,0,0,41,0,24,0,0
6423,10.8,14,3,0,0,96,0,25,0,0
5634,37.54,16,1,0,0,65,3,65,0,0
4752,105.72,3,0,0,0,91,3,37,0,0
6019,142.24,18,1,0,0,59,2,31,0,0
2778,32.62,15,4,1,0,73,2,20,0,0
4628,124.98,20,0,0,1,79,0,21,0,0
1991,261.06,7,4,0,0,71,3,54,0,0
960,241.12,21,1,0,0,73,1,22,0,0
4565,47.3,21,1,0,0,99,0,61,0,0
4062,42.5,3,1,0,0,47,1,18,0,0
290,160.85,2,2,0,0,37,2,30,0,0
1030,317.81,18,2,0,0,44,4,42,0,0
4455,362.35,6,3,1,0,84,2,43,0,0
6709,194.96,17,2,0,0,60,6,22,0,0
9384,84.87,3,3,0,0,29,4,49,0,0
1387,267.28,11,0,0,0,58,3,66,0,0
9988,62.51,3,0,0,0,56,3,63,0,0
2097,155.12,18,4,0,0,35,1,18,0,0
1260,157.0,13,3,0,0,73,2,48,0,0
5215,90.08,12,4,0,0,50,3,65,0,0
3567,153.72,7,1,0,0,77,3,66,0,0
4889,4.62,16,0,0,0,99,1,55,0,0
3447,293.72,2,2,1,0,56,1,32,0,0
1833,157.19,17,0,0,0,32,1,36,0,0
4188,155.51,22,3,0,0,41,2,60,0,0
6925,172.07,21,4,0,0,55,3,34,0,0
6084,53.77,1,4,0,0,93,2,23,0,0
8455,522.03,0,4,0,0,41,2,51,0,0
152,49.29,16,1,0,0,33,7,66,0,0
2681,56.06,11,3,0,0,62,2,69,0,0
7241,308.09,0,0,0,0,38,1,49,0,0
4550,288.49,13,3,0,0,61,2,43,0,0
870,525.76,21,2,0,0,30,1,53,0,0
6806,289.42,6,4,0,0,26,2,55,0,0
3227,49.76,1,4,0,0,74,2,55,0,0
7356,257.23,2,2,0,0,37,2,42,0,0
5968,16.47,20,4,0,0,30,1,27,0,0
3158,11.91,17,1,0,0,35,3,65,0,0
9402,62.67,7,1,0,0,56,4,19,0,0
2712,131.35,16,3,0,1,67,2,50,0,0
4913,137.66,10,1,0,0,68,3,58,0,0
909,54.06,4,3,0,0,44,3,50,0,0
3679,291.0,7,2,0,0,41,3,39,0,0
311,104.04,18,2,0,0,30,3,65,0,0
264,131.49,8,0,0,0,38,4,55,0,0
1251,286.61,15,3,0,1,26,1,39,0,0
1829,288.55,12,0,0,1,46,2,52,0,0
2943,63.32,19,4,0,0,67,3,42,0,0
4954,201.62,20,3,0,0,32,3,20,0,0
3006,321.97,6,0,0,0,71,2,62,0,0
8306,40.42,5,0,0,0,54,2,39,0,0
5360,124.17,23,1,0,0,57,1,35,0,0
3354,127.33,17,4,0,0,82,1,46,0,0
4974,221.14,2,3,1,0,90,3,37,0,0
592,184.34,14,2,0,0,77,2,25,0,0
3130,328.18,12,1,0,0,32,1,56,0,0
9336,42.72,11,2,0,0,37,4,27,0,0
346,172.21,0,0,0,1,41,1,45,0,0
9062,344.71,9,3,0,0,69,2,31,0,0
6672,296.77,22,4,0,0,59,5,50,0,0
5652,202.44,6,4,0,0,38,1,59,0,0
9856,118.19,6,3,0,0,49,2,54,0,0
3507,652.71,21,2,0,0,79,1,39,0,0
5385,188.09,6,0,0,0,67,3,33,0,0
535,263.75,7,0,0,0,35,1,43,0,0
2029,53.36,7,3,0,1,63,3,55,0,0
6341,51.17,13,2,0,1,75,2,42,0,0
4569,26.76,22,1,0,0,54,1,43,0,0
5023,550.83,8,3,0,0,58,4,56,0,0
8514,209.67,5,4,1,0,57,2,56,0,0
6636,74.25,21,1,0,0,81,4,23,0,0
4662,166.88,1,0,0,0,51,0,21,0,0
5627,103.74,13,3,0,0,69,2,22,0,0
967,228.52,4,0,0,0,61,1,58,0,0
1432,130.47,1,0,0,0,33,4,34,0,0
7301,24.87,19,2,0,0,80,3,42,0,0
7177,862.17,9,2,0,1,91,1,38,0,0
8211,34.41,17,2,0,0,53,3,60,0,0
4346,78.4,3,3,0,1,28,2,35,1,1
7102,40.48,11,1,0,0,67,2,33,0,0
8947,273.79,23,2,0,0,52,3,50,0,0
2765,25.95,6,2,1,1,82,1,23,0,0
1979,371.06,19,0,0,1,45,3,51,0,0
1355,120.03,23,1,0,0,79,2,51,0,0
9055,154.25,15,0,0,0,46,3,23,0,0
7429,196.17,19,2,0,1,55,3,34,0,0
5533,211.77,9,1,0,0,87,3,41,0,0
2412,27.26,10,0,0,0,40,4,47,0,0
1267,89.71,13,1,1,0,25,1,55,0,0
6051,129.7,14,3,0,0,88,1,47,0,0
2103,30.95,1,4,0,0,31,2,31,0,0
4883,290.55,8,0,0,0,34,1,19,0,0
8203,497.49,23,3,0,0,62,3,39,0,0
8931,90.07,13,3,0,0,69,1,43,0,0
3104,102.46,16,4,0,0,55,1,63,0,0
7123,137.46,16,1,0,0,72,4,48,0,0
8444,96.88,13,1,1,0,69,2,45,0,0
9579,9.39,22,4,0,0,76,0,57,0,0
55,163.99,7,3,0,0,89,2,41,0,0
6479,135.21,22,3,0,0,53,2,49,0,0
3241,96.74,7,2,0,0,78,4,24,0,0
1624,569.02,1,2,1,1,49,2,41,1,1
9036,228.85,7,4,0,0,98,4,61,0,0
5718,65.16,15,2,0,0,99,2,61,0,0
8550,18.1,11,3,0,0,41,1,19,0,0
3294,140.47,3,0,0,0,46,2,33,0,0
1483,141.54,18,0,0,0,70,5,37,0,0
4068,696.69,18,2,0,0,28,2,39,0,0
8757,47.16,13,2,0,0,93,1,55,0,0
1008,340.52,1,2,1,0,29,1,31,1,1
3381,82.69,3,3,0,0,49,1,48,0,0
6650,352.59,19,4,0,0,59,2,50,0,0
2138,236.68,13,1,0,0,54,2,54,0,0
3773,75.88,10,2,0,0,30,2,47,0,0
4927,112.6,13,4,0,0,26,2,69,0,0
2484,29.0,9,1,1,0,59,3,60,0,0
4169,68.08,11,1,0,0,76,1,25,0,0
5542,188.74,20,1,0,0,56,3,64,0,0
8987,84.9,5,4,0,0,86,1,22,0,0
6987,101.01,7,2,1,0,44,1,26,0,0
1956,486.86,1,0,0,0,98,1,25,0,0
2991,35.56,10,2,0,0,97,4,36,0,0
1458,203.15,18,2,0,0,77,1,62,0,0
8843,49.86,6,4,0,0,44,1,23,0,0
4676,391.48,14,3,0,1,57,1,32,0,0
3904,52.06,7,1,0,0,26,2,26,0,0
5420,69.61,10,3,0,0,52,4,18,0,0
8124,191.53,7,1,0,0,34,4,49,0,0
7678,601.85,0,4,1,0,89,1,57,0,0
4317,230.47,17,0,0,0,41,3,68,0,0
8800,116.54,9,1,0,0,42,1,24,0,0
4970,100.27,1,3,0,1,47,5,23,1,1
4725,44.64,1,0,0,0,54,2,27,0,0
4909,243.56,19,3,0,0,92,3,55,0,0
2534,2.6,20,3,1,0,50,2,63,0,0
5285,111.03,7,3,0,0,26,0,43,0,0
1364,179.73,23,3,0,0,49,3,25,0,0
908,75.29,18,3,0,1,98,5,39,0,0
7545,32.85,4,2,0,0,90,3,33,0,0
2026,54.24,17,3,0,0,31,3,69,0,0
6874,74.85,6,2,0,0,25,1,31,0,0
9617,209.6,0,0,0,0,67,3,54,0,0
1797,226.79,18,0,0,0,84,2,52,0,0
2075,381.02,17,2,0,0,44,5,22,0,0
2776,102.07,14,4,0,0,62,1,25,0,0
273,363.23,6,1,0,0,49,1,61,0,0
2462,382.12,15,3,1,0,91,2,53,0,0
6142,80.8,8,0,0,0,66,5,53,0,0
2680,130.57,21,2,0,0,98,0,26,0,0
8258,713.68,1,3,1,0,80,1,59,0,0
5148,413.12,11,2,0,0,47,2,53,0,0
2869,59.76,11,3,0,0,91,4,50,0,0
6089,222.38,8,1,0,0,55,3,28,0,0
973,237.4,21,4,0,0,69,2,48,0,0
1310,303.56,1,3,0,0,56,1,66,0,0
4435,13.59,11,4,0,0,96,2,30,0,0
5033,149.59,7,0,0,0,39,0,41,0,0
7990,328.32,17,4,0,0,50,2,51,0,0
9970,26.29,20,0,1,0,83,1,47,0,0
1076,100.48,13,3,0,1,32,2,20,0,0
6387,146.66,23,2,0,0,48,0,41,0,0
5958,82.8,10,3,0,0,82,0,46,0,0
6235,85.67,13,1,0,1,76,1,43,0,0
2583,125.88,20,2,0,0,33,3,19,0,0
8430,25.13,11,4,1,0,90,2,19,0,0
9821,182.09,17,3,0,0,97,2,63,0,0
5660,178.16,17,4,0,0,89,2,59,0,0
6184,631.88,11,3,0,0,44,2,19,0,0
2363,62.93,14,4,0,0,65,3,21,0,0
5658,352.11,23,3,0,0,32,1,52,0,0
7136,241.46,15,3,0,0,88,4,27,0,0
9129,222.7,1,1,0,0,33,2,26,0,0
7084,119.16,0,2,0,0,32,1,40,0,0
6718,103.66,18,4,0,0,58,2,62,0,0
8594,428.0,15,4,0,0,70,1,68,0,0
2638,257.66,6,2,0,0,35,0,22,0,0
130,128.68,13,3,0,1,73,4,40,0,0
935,33.9,22,2,0,0,80,5,28,0,0
8381,130.22,21,2,1,1,53,3,58,0,0
9426,270.26,23,2,0,0,96,5,48,0,0
4983,195.95,15,4,0,0,49,3,52,0,0
8686,158.52,10,0,0,0,82,4,20,0,0
9731,26.81,0,2,0,0,83,0,28,0,0
8608,51.75,8,4,1,0,93,1,33,0,0
3787,154.81,18,2,0,0,60,2,44,0,0
3875,7.71,13,4,0,0,90,2,57,0,0
5375,119.16,20,0,0,0,88,1,62,0,0
7227,353.03,16,1,0,0,58,3,52,0,0
1186,498.29,2,3,0,0,62,1,39,0,0
9556,315.52,21,3,0,0,86,2,54,0,0
3122,51.2,2,0,0,0,27,3,49,0,0
6549,28.08,5,0,0,0,47,4,33,0,0
9154,123.36,1,0,0,0,91,3,40,0,0
7594,405.28,10,4,0,0,75,2,39,0,0
9902,84.03,6,2,0,0,95,2,27,0,0
9228,397.81,4,2,0,0,79,0,69,0,0
5738,55.69,13,2,0,0,48,1,53,0,0
6920,95.57,15,0,0,0,71,2,32,0,0
5537,28.31,1,4,1,1,52,4,27,1,1
7811,45.44,18,3,0,0,50,4,65,0,0
1723,65.05,9,3,0,0,46,2,20,0,0
4522,154.92,3,0,0,0,26,3,21,0,0
1650,222.04,22,4,0,0,36,1,22,0,0
5343,17.24,17,0,1,1,30,2,29,1,1
6348,704.21,21,3,0,0,58,1,24,0,0
4361,11.06,16,0,0,0,34,1,18,0,0
5132,130.15,6,4,0,0,66,0,26,0,0
1306,368.59,3,0,0,1,25,3,44,1,1
7994,68.06,9,4,1,0,68,3,18,0,0
8323,41.54,2,4,0,1,57,3,38,0,0
1209,57.54,4,1,0,0,61,0,57,0,0
7335,78.18,15,2,0,0,53,2,38,0,0
4932,75.38,3,0,0,1,56,0,56,0,0
2835,91.3,0,0,0,0,93,4,28,0,0
612,289.17,8,2,1,0,60,0,27,0,0
334,22.21,22,1,0,0,57,1,67,0,0
5719,17.57,6,4,0,0,41,1,47,0,0
9066,112.36,4,0,0,0,50,3,37,0,0
5052,294.42,7,3,0,0,42,2,44,0,0
380,59.6,11,2,0,0,63,2,39,0,0
1080,539.09,15,1,0,0,29,2,45,0,0
4501,164.62,14,4,0,0,31,0,40,0,0
8335,277.36,12,0,0,0,51,1,28,0,0
6623,119.47,6,3,0,0,55,2,53,0,0
731,32.3,23,3,1,0,34,1,62,0,0
8714,100.11,12,0,0,0,83,0,66,0,0
2756,61.78,6,0,0,0,37,2,64,0,0
6727,74.07,23,4,0,0,44,1,45,0,0
9734,274.96,11,0,0,0,68,4,52,0,0
8562,409.88,14,1,0,0,73,3,55,0,0
4270,507.93,19,4,0,0,42,3,66,0,0
5190,58.03,0,3,0,0,99,3,32,0,0
3327,292.42,12,2,0,1,35,3,32,0,0
5439,5.55,7,2,1,0,67,2,21,0,0
8365,131.04,17,3,0,1,70,1,37,0,0
5289,18.31,1,0,0,0,33,2,53,0,0
5404,51.22,19,1,0,0,87,6,43,0,0
9120,356.69,13,2,0,0,67,0,44,0,0
1735,25.21,13,0,0,0,90,2,19,0,0
1005,295.7,16,0,0,0,68,0,54,0,0
7232,105.14,2,4,0,0,42,3,20,0,0
570,77.06,5,3,0,0,81,3,46,0,0
6787,502.61,0,4,0,1,55,1,64,0,0
5872,48.62,16,0,1,0,76,2,23,0,0
1709,173.97,10,1,0,0,73,4,32,0,0
7767,59.77,1,2,0,0,66,1,44,0,0
7632,166.39,18,3,0,1,96,0,20,0,0
322,225.69,15,3,0,0,97,2,66,0,0
8948,480.76,1,4,0,0,42,2,41,0,0
7005,77.72,12,2,1,0,45,2,24,0,0
21,170.35,13,4,0,0,76,4,51,0,0
4103,142.99,2,2,0,0,35,2,60,0,0
6287,364.11,16,2,0,0,72,2,42,0,0
8189,132.17,22,0,0,0,94,1,49,0,0
7611,67.62,9,1,0,0,26,1,52,0,0
5517,297.01,16,0,0,0,30,2,63,0,0
4601,39.86,13,2,0,0,45,3,18,0,0
3662,125.23,0,0,0,0,79,1,19,0,0
4858,500.7,16,4,0,0,93,2,23,0,0
8118,49.92,13,4,0,0,79,1,49,0,0
1962,94.94,12,3,0,0,60,0,29,0,0
3021,60.58,10,2,1,0,98,2,29,0,0
2444,322.86,22,4,0,0,61,2,25,0,0
4150,272.4,4,4,0,0,65,3,22,0,0
5331,53.91,3,2,0,0,46,2,35,0,0
7543,160.89,8,1,0,1,83,3,59,0,0
7899,53.64,3,0,0,1,36,5,45,1,1
7970,405.85,4,2,1,0,69,2,29,0,0
2889,299.77,22,0,1,0,95,4,57,0,0
6711,18.67,15,0,0,0,45,1,60,0,0
4438,274.54,14,4,1,1,74,2,62,0,0
9800,479.57,6,1,0,0,57,3,68,0,0
8678,222.78,7,3,0,0,96,3,23,0,0
2330,9.45,23,2,1,0,50,0,58,0,0
118,37.17,6,4,1,0,83,4,30,0,0
6745,116.71,13,0,0,0,31,1,21,0,0
2424,110.42,10,0,0,0,45,3,68,0,0
3022,102.06,0,2,0,0,25,3,45,0,0
2934,141.54,13,0,0,0,41,0,21,0,0
1611,381.77,17,2,1,0,83,1,53,0,0
2813,197.71,16,0,0,0,38,3,26,0,0
580,53.77,3,0,0,0,89,1,23,0,0
5884,978.56,8,4,0,1,42,0,23,0,0
1664,123.68,19,3,0,0,56,2,28,0,0
7408,635.23,1,0,0,0,58,1,53,0,0
3802,501.43,22,3,0,0,67,2,68,0,0
217,70.85,21,4,0,0,43,2,50,0,0
9038,336.88,3,2,0,0,73,5,21,0,0
7538,77.81,10,0,0,0,59,1,33,0,0
7402,211.17,11,4,0,0,28,3,30,0,0
5261,41.07,5,0,0,0,33,2,18,0,0
8288,3.26,22,1,1,0,29,1,25,0,0
5708,19.66,1,1,1,0,44,5,67,1,1
5770,437.9,3,4,1,0,30,3,53,1,1
3756,38.07,4,1,0,0,35,3,66,0,0
2792,714.76,12,3,0,0,81,2,64,0,0
8186,29.1,13,0,0,0,95,0,48,0,0
6776,60.95,16,1,1,0,56,3,65,0,0
5897,443.38,21,3,0,0,76,2,65,0,0
6338,37.92,3,3,0,0,46,4,58,0,0
3823,294.92,9,1,0,0,98,1,41,0,0
3653,316.38,16,1,1,0,49,0,49,0,0
9762,28.6,18,2,0,0,73,3,54,0,0
7504,25.02,17,2,0,0,77,1,59,0,0
4285,144.68,18,3,0,0,29,3,40,0,0
7144,55.37,15,3,0,0,46,0,51,0,0
9254,65.27,9,1,0,0,27,5,36,0,0
3979,9.34,6,1,0,0,91,1,50,0,0
2032,149.97,15,2,0,0,55,4,52,0,0
5223,33.11,19,3,0,0,39,5,30,0,0
3407,351.38,22,0,0,1,96,2,25,0,0
5845,372.2,10,2,0,0,34,3,29,0,0
8409,128.3,8,1,0,0,34,2,42,0,0
9294,149.86,10,2,0,0,69,3,57,0,0
4181,92.76,21,0,0,0,34,2,39,0,0
4375,129.03,20,0,0,0,27,2,62,0,0
4258,108.18,22,2,0,0,38,2,21,0,0
2139,37.36,8,1,0,0,63,1,66,0,0
2916,195.81,11,1,0,0,40,1,20,0,0
5994,124.4,9,2,0,0,90,1,37,0,0
8761,3.56,21,4,0,0,61,3,44,0,0
3397,314.16,6,2,0,0,93,4,32,0,0
6391,16.61,1,2,1,0,48,2,31,0,0
162,180.09,21,0,1,0,46,1,32,0,0
9741,1.69,12,1,0,1,64,3,62,0,0
1284,1.77,4,3,1,0,99,3,65,0,0
3670,107.3,19,4,0,0,55,2,54,0,0
8087,541.43,2,1,0,0,64,3,19,0,0
1958,98.44,20,0,0,0,58,6,63,0,0
546,79.82,4,2,1,0,47,2,53,0,0
9760,154.24,19,1,0,0,55,2,38,0,0
6357,139.99,22,3,0,0,51,3,21,0,0
5290,229.43,23,0,0,0,76,4,18,0,0
9624,243.59,23,1,0,0,44,6,66,0,0
786,430.36,22,3,0,0,46,2,55,0,0
8939,88.76,18,2,1,0,29,0,18,0,0
7050,120.18,0,2,0,0,84,0,35,0,0
2862,59.75,12,4,0,0,73,2,20,0,0
6778,108.73,17,1,0,0,49,0,42,0,0
8656,107.25,0,4,0,0,44,3,22,0,0
9775,284.23,1,2,0,0,31,2,38,0,0
8135,205.92,7,0,0,0,34,4,21,0,0
9843,62.68,19,3,0,0,54,1,24,0,0
9946,52.62,21,1,0,0,62,3,57,0,0
1169,1.15,15,3,0,0,56,3,61,0,0
563,26.39,9,2,0,0,91,2,56,0,0
5096,103.69,7,2,0,0,66,2,52,0,0
2897,139.42,14,1,1,0,98,1,18,0,0
1572,33.11,19,4,0,0,46,0,32,0,0
6086,110.17,0,4,0,0,77,1,41,0,0
2789,544.45,19,2,0,0,73,2,66,0,0
5975,61.43,7,2,0,0,87,1,18,0,0
5669,10.41,9,2,0,0,99,0,50,0,0
8490,35.99,10,2,0,0,68,2,18,0,0
6115,56.58,6,2,1,0,61,1,26,0,0
7281,152.05,13,2,1,0,45,2,63,0,0
1033,47.05,6,1,0,0,97,3,60,0,0
1876,140.65,4,4,0,0,70,2,42,0,0
9226,472.02,4,2,0,0,50,1,34,0,0
2601,178.75,19,4,0,0,25,3,53,0,0
4887,75.59,23,2,0,0,73,4,45,0,0
2306,91.06,7,0,0,0,43,3,22,0,0
396,480.62,0,4,0,0,35,3,54,0,0
5794,445.45,23,0,0,0,90,4,66,0,0
4044,173.88,6,4,0,0,65,1,34,0,0
4364,133.39,22,3,0,0,73,2,67,0,0
9838,50.58,6,0,0,0,38,3,55,0,0
3660,434.65,9,1,0,0,51,1,33,0,0
8498,145.99,18,3,0,1,39,4,50,0,0
8704,48.75,7,1,0,0,27,1,63,0,0
868,36.14,14,0,1,0,75,2,69,0,0
6344,313.24,23,2,0,0,32,2,62,0,0
4735,101.35,12,0,0,0,27,1,65,0,0
4386,146.91,4,0,0,0,51,8,51,0,0
9073,98.94,16,4,0,0,72,1,49,0,0
7639,10.44,2,1,0,0,70,0,44,0,0
846,96.39,13,0,0,0,96,1,25,0,0
1321,51.09,13,4,0,0,74,1,67,0,0
5489,169.34,14,1,0,0,45,2,22,0,0
3500,240.7,4,3,0,1,78,0,31,0,0
1139,117.91,20,3,0,1,69,5,36,0,0
8666,147.3,18,0,0,1,65,6,42,0,0
807,490.26,17,1,0,0,42,1,51,0,0
7349,220.75,4,0,0,0,74,3,23,0,0
3733,106.54,21,2,1,0,67,2,47,0,0
3901,101.59,23,4,0,0,34,6,53,0,0
7878,88.1,17,4,0,0,55,1,37,0,0
3927,166.53,18,1,0,0,74,4,29,0,0
9879,229.56,3,3,1,0,47,2,31,0,0
253,342.85,21,3,0,0,94,1,58,0,0
1285,71.14,21,2,0,0,76,2,45,0,0
8632,45.07,8,1,0,0,45,3,46,0,0
9085,71.91,15,3,0,0,38,2,20,0,0
66,140.83,2,4,0,0,40,2,26,0,0
2859,6.6,10,0,0,0,32,3,67,0,0
4528,439.62,17,0,0,0,79,1,21,0,0
9557,20.35,15,1,0,0,58,1,25,0,0
3704,339.23,21,1,0,1,45,4,21,0,0
1090,47.44,13,3,0,0,74,0,59,0,0
1044,176.98,15,0,0,0,60,1,60,0,0
2842,252.63,1,1,0,0,40,1,27,0,0
2547,14.55,22,4,0,0,95,2,37,0,0
285,155.41,6,2,0,0,87,3,38,0,0
4474,79.05,22,1,0,0,35,0,64,0,0
2908,46.14,15,1,0,0,89,2,56,0,0
3827,113.16,20,4,0,0,27,1,67,0,0
6578,56.82,6,2,0,0,71,3,35,0,0
3522,113.98,11,2,0,0,54,2,44,0,0
1899,79.04,16,1,0,0,63,0,22,0,0
5433,203.35,2,1,0,0,31,2,21,0,0
9349,189.59,0,0,0,0,81,5,20,0,0
939,22.55,4,2,0,0,96,3,46,0,0
6850,13.4,2,4,0,0,97,2,45,0,0
3384,54.1,15,1,1,0,41,5,47,0,1
7038,107.16,7,3,0,0,49,4,69,0,0
978,9.5,0,4,0,0,55,5,60,0,0
8527,105.69,9,1,1,0,58,0,59,0,0
3858,144.0,8,3,0,0,80,2,52,0,0
3655,5.57,12,1,0,0,71,3,22,0,0
369,39.22,7,0,0,0,42,3,68,0,0
9898,205.0,18,0,0,0,78,3,63,0,0
664,48.74,3,0,0,0,29,3,55,0,0
6946,259.37,3,0,1,0,85,1,35,0,0
8485,229.51,12,2,0,0,71,2,18,0,0
7237,170.96,23,1,0,0,77,4,64,0,0
9852,649.44,17,4,0,0,65,2,69,0,0
8489,47.42,15,4,0,0,71,0,62,0,0
6599,456.34,21,4,0,0,95,1,61,0,0
5586,10.2,14,0,0,0,61,2,26,0,0
7527,158.47,1,3,0,0,51,1,49,0,0
8708,125.93,14,4,1,0,56,1,51,0,0
4316,35.1,22,3,0,0,47,1,55,0,0
5055,103.16,2,2,0,0,65,3,63,0,0
4971,116.02,17,2,0,0,87,4,21,0,0
4070,337.78,15,2,0,0,79,0,25,0,0
5143,156.89,1,1,0,0,28,3,38,0,0
7565,124.88,1,1,0,0,45,2,50,0,0
3698,198.4,17,4,0,1,98,1,54,0,0
6995,474.87,7,4,0,0,41,1,69,0,0
7254,421.73,22,2,1,0,79,3,18,0,0
8327,24.23,19,2,1,0,29,2,65,0,0
7915,0.42,22,3,0,0,34,1,46,0,0
56,458.9,5,4,0,0,39,1,57,0,0
9018,301.73,5,4,0,0,73,0,50,0,0
1389,630.11,7,0,0,1,51,1,30,0,0
401,19.59,1,4,0,0,49,1,20,0,0
1607,12.6,21,0,0,0,34,1,65,0,0
2608,58.18,3,4,0,0,97,0,28,0,0
7116,429.64,13,0,0,0,33,4,18,0,0
2022,147.85,16,3,0,0,90,1,62,0,0
7411,99.35,23,1,0,0,42,2,48,0,0
2757,114.27,22,4,0,0,51,5,45,0,0
7031,197.77,4,2,0,0,67,0,23,0,0
5025,479.09,17,1,0,0,85,0,54,0,0
3543,28.6,8,2,0,0,61,2,54,0,0
5377,154.65,21,2,0,0,27,5,61,0,0
5005,366.76,0,3,0,0,27,0,44,0,0
9074,131.05,4,0,0,1,96,7,26,0,0
6849,164.49,19,3,0,0,46,4,19,0,0
3197,509.81,19,4,0,0,80,0,49,0,0
8512,189.83,23,4,0,0,82,1,27,0,0
9313,221.78,1,3,0,0,80,1,38,0,0
2784,283.63,5,2,0,0,61,1,68,0,0
2911,47.14,9,2,1,0,36,4,37,0,0
397,351.87,23,1,0,0,32,0,24,0,0
7954,10.59,22,4,0,0,37,3,64,0,0
8896,27.16,9,0,0,0,30,1,45,0,0
5315,128.02,15,0,0,0,48,1,24,0,0
6649,208.34,12,2,0,0,67,0,47,0,0
7772,222.05,0,4,0,0,33,2,60,0,0
3700,55.54,1,4,0,0,59,0,61,0,0
3089,157.41,22,4,0,0,89,4,28,0,0
3906,119.1,9,4,0,0,47,3,34,0,0
2875,272.84,13,4,0,0,47,2,45,0,0
6860,180.87,15,0,0,0,73,5,47,0,0
5552,87.52,21,3,0,0,83,2,57,0,0
4329,16.21,2,2,0,0,59,2,64,0,0
7630,250.02,8,2,0,0,66,1,57,0,0
8361,301.5,7,2,0,0,74,2,55,0,0
2524,79.97,21,1,1,0,38,0,68,0,0
4300,163.0,20,3,0,0,36,3,37,0,0
9982,166.44,10,2,0,0,95,1,30,0,0
5626,334.11,15,0,0,0,37,6,44,0,0
1603,46.27,16,1,1,0,90,1,21,0,0
8784,193.58,23,2,0,0,69,2,63,0,0
6339,111.15,13,3,0,1,69,1,29,0,0
3015,174.78,9,3,0,0,54,2,46,0,0
8110,264.86,23,3,0,0,29,1,52,0,0
6204,189.1,5,3,0,0,67,0,39,0,0
9148,94.11,6,2,0,0,39,4,29,0,0
3564,97.62,19,2,0,0,77,0,54,0,0
3748,95.34,3,1,0,0,71,3,20,0,0
4826,31.36,4,1,0,0,88,4,69,0,0
556,93.0,6,1,0,0,53,1,27,0,0
1375,51.12,23,0,1,0,32,3,54,0,0
79,79.9,3,1,0,0,76,4,64,0,0
3796,193.51,22,4,1,0,40,4,53,0,0
1743,264.0,21,1,0,0,25,0,56,0,0
5887,150.19,4,1,0,0,61,0,35,0,0
4643,351.99,11,3,1,1,76,2,21,0,0
848,1038.25,18,1,0,0,65,0,48,0,0
5010,101.29,22,2,0,0,25,1,42,0,0
5254,15.64,1,1,0,0,36,3,23,0,0
1184,483.96,13,4,0,0,67,4,68,0,0
2434,61.24,2,0,0,0,43,3,55,0,0
2175,46.39,15,2,0,0,39,4,44,0,0
3231,131.82,9,3,0,0,89,3,24,0,0
9660,305.94,4,4,0,0,80,3,18,0,0
4576,67.47,6,0,0,0,90,4,45,0,0
9931,311.92,10,4,1,0,26,1,36,0,0
3492,168.04,13,0,0,0,34,2,42,0,0
1557,169.94,5,3,0,0,98,3,58,0,0
2197,111.03,6,0,0,0,64,4,29,0,0
497,157.72,0,4,0,0,94,3,45,0,0
7791,143.3,1,3,0,0,85,0,50,0,0
2941,55.5,4,4,0,0,79,0,49,0,0
9452,177.15,18,3,0,0,53,2,61,0,0
5827,182.55,10,4,0,0,59,3,68,0,0
2466,40.46,5,3,0,0,71,3,60,0,0
7217,150.14,19,2,1,0,94,1,33,0,0
9998,527.75,21,1,0,0,44,2,45,0,0
3774,237.69,10,0,0,0,66,1,45,0,0
7444,186.29,23,0,0,0,78,0,65,0,0
9951,129.3,5,1,0,0,70,2,33,0,0
1221,542.37,11,0,0,0,47,1,26,0,0
7357,755.1,7,2,0,0,42,3,68,0,0
8797,26.51,4,0,0,0,35,2,42,0,0
3849,225.79,8,2,0,0,73,5,39,0,0
645,22.96,12,4,0,0,41,2,25,0,0
7274,4.27,4,4,0,0,54,0,58,0,0
424,122.77,4,1,0,0,89,3,35,0,0
3972,141.43,19,0,0,0,82,4,31,0,0
6884,112.75,5,1,0,1,55,1,53,0,0
5325,10.18,18,1,0,0,86,0,22,0,0
5666,273.74,0,3,0,0,99,2,67,0,0
6697,195.17,23,3,0,1,26,2,30,0,0
194,180.48,23,4,0,0,69,4,62,0,0
2081,4.96,11,1,0,0,95,1,24,0,0
6694,292.61,18,3,1,0,53,1,60,0,0
6,30.53,13,0,0,0,90,2,46,0,0
1410,364.86,1,3,1,0,69,1,46,0,0
6653,69.58,3,4,0,0,93,2,31,0,0
6983,491.51,12,1,0,0,59,4,26,0,0
6253,74.11,4,1,0,0,88,1,56,0,0
9859,72.64,21,0,0,0,88,3,50,0,0
1063,263.2,22,3,0,0,57,5,34,0,0
9469,129.2,20,4,0,0,42,4,29,0,0
2514,128.56,13,2,0,0,83,1,65,0,0
8139,139.38,15,4,0,1,81,2,53,0,0
9834,973.32,2,0,0,0,95,3,40,0,0
937,3.34,18,2,0,0,65,5,54,0,0
8564,384.45,6,0,0,0,63,2,63,0,0
1766,70.66,14,2,0,0,48,0,19,0,0
5625,9.0,4,2,0,0,98,0,28,0,0
3245,218.01,16,3,1,0,35,3,67,0,0
2824,45.2,16,1,0,0,71,3,68,0,0
9818,111.04,19,1,0,0,67,3,66,0,0
4243,254.09,22,0,0,0,66,1,27,0,0
8607,209.35,16,3,0,0,81,2,56,0,0
7940,116.11,14,3,0,0,33,1,57,0,0
3473,169.35,23,0,0,0,58,4,26,0,0
137,131.66,16,2,0,0,38,3,22,0,0
1353,103.92,18,2,0,0,97,0,62,0,0
9490,81.27,6,4,1,0,71,5,37,0,0
7519,278.34,10,4,0,0,85,1,25,0,0
8563,192.16,18,0,0,0,81,0,56,0,0
6017,25.58,20,2,0,0,57,1,59,0,0
642,69.97,23,1,0,0,48,1,49,0,0
6765,283.37,9,0,0,0,92,2,27,0,0
1689,167.77,3,0,0,0,82,2,37,0,0
1402,33.02,17,2,0,0,45,3,31,0,0
1884,257.72,8,0,0,0,43,2,66,0,0
7683,171.77,0,1,0,0,79,0,69,0,0
6547,147.42,14,4,0,0,64,4,32,0,0
5085,39.04,15,2,0,0,95,3,44,0,0
2783,715.23,2,4,0,0,95,1,29,0,0
5430,226.57,21,1,0,0,98,1,64,0,0
6943,201.21,9,2,0,0,70,3,20,0,0
980,163.52,0,3,0,0,47,2,48,0,0
2582,395.13,1,3,0,0,38,5,41,1,1
9791,52.47,4,3,0,0,54,1,38,0,0
5480,65.26,11,4,1,0,83,3,39,0,0
4249,158.11,22,3,0,0,68,2,18,0,0
2146,310.31,10,3,0,0,35,1,34,0,0
9642,125.14,0,3,0,0,76,1,32,0,0
1668,480.2,18,4,0,0,96,3,47,0,0
6593,87.22,8,2,0,0,33,1,32,0,0
5197,241.47,2,0,0,0,28,0,50,0,0
1408,294.88,14,2,0,1,86,2,41,0,0
7344,120.96,8,0,0,0,92,1,52,0,0
3977,84.52,9,0,0,0,28,1,24,0,0
4431,203.72,9,3,0,0,58,2,48,0,0
941,57.65,10,3,0,0,42,2,49,0,0
1316,185.7,9,0,0,0,88,0,29,0,0
9932,19.57,21,3,0,0,44,3,23,0,0
5185,250.56,7,0,0,0,56,5,53,0,0
5580,104.09,9,2,0,0,99,3,34,0,0
2018,414.17,0,1,0,0,44,3,19,0,0
2191,54.27,23,4,0,0,93,3,27,0,0
3090,52.53,13,0,0,0,72,2,29,0,0
1332,228.62,4,3,0,0,39,1,64,0,0
8471,44.75,3,1,0,0,68,1,45,0,0
968,63.46,15,3,0,0,40,2,64,0,0
3821,77.77,8,4,0,0,72,3,33,0,0
1944,221.38,7,1,0,0,78,2,40,0,0
2868,255.97,18,2,0,0,39,2,44,0,0
8006,81.38,23,1,0,0,69,2,47,0,0
74,304.18,4,3,0,0,30,1,56,0,0
7830,17.98,12,2,0,0,65,0,35,0,0
1948,28.71,17,2,1,0,90,0,25,0,0
4624,211.0,14,1,0,0,96,1,23,0,0
5712,621.41,9,1,0,0,73,3,60,0,0
206,1.66,8,3,0,0,58,2,67,0,0
1717,10.71,0,3,0,1,59,3,43,0,0
3472,271.81,11,4,1,0,54,0,65,0,0
8029,133.79,8,3,0,1,25,2,30,0,0
3695,76.18,4,0,0,0,62,1,43,0,0
2589,49.86,9,4,0,0,44,1,33,0,0
275,128.9,7,2,0,0,33,5,25,0,0
2706,296.26,14,2,0,0,99,3,63,0,0
2468,7.25,11,4,0,1,29,4,41,0,0
2170,70.78,16,1,0,0,28,2,69,0,0
741,111.81,0,1,0,0,77,1,60,0,0
9682,4.37,20,2,0,0,44,1,49,0,0
8747,29.16,23,3,0,0,59,1,42,0,0
1018,151.06,21,0,0,0,71,2,38,0,0
1365,237.77,15,1,0,0,62,0,35,0,0
9137,194.7,22,3,0,0,48,2,54,0,0
144,64.43,13,1,0,0,92,1,67,0,0
9035,109.01,21,1,0,0,88,3,23,0,0
1311,15.03,23,1,0,0,90,5,60,0,0
1022,63.52,8,1,0,1,97,2,23,0,0
2740,14.15,15,2,0,0,78,1,20,0,0
4203,24.15,18,2,0,0,62,2,37,0,0
972,497.15,8,3,0,0,61,1,23,0,0
8111,124.63,5,4,0,0,78,0,63,0,0
1872,43.23,12,2,0,0,47,3,63,0,0
6001,188.07,18,4,0,0,29,2,34,0,0
2240,49.28,13,2,0,0,78,2,56,0,0
426,143.54,11,1,0,0,30,2,62,0,0
5182,318.49,7,3,0,0,89,0,43,0,0
2884,13.29,15,1,0,0,77,3,66,0,0
9327,253.22,5,4,0,0,42,0,36,0,0
985,234.48,21,0,0,0,53,2,48,0,0
5169,40.96,4,3,0,0,69,3,32,0,0
1039,12.17,6,0,0,0,72,0,50,0,0
3614,287.67,11,1,0,0,72,1,68,0,0
6269,64.99,22,4,0,0,55,4,34,0,0
6275,160.87,18,0,0,0,31,0,39,0,0
3991,15.7,20,3,0,0,84,1,66,0,0
3948,166.04,23,3,0,0,97,5,49,0,0
6152,139.86,14,1,0,0,68,6,44,0,0
8966,194.99,22,2,0,0,46,2,51,0,0
632,406.04,14,3,0,0,57,1,36,0,0
5715,203.32,17,4,0,0,69,5,69,0,0
4709,308.92,14,0,0,0,92,1,25,0,0
8771,52.92,6,0,1,0,30,0,67,0,0
4571,124.79,22,2,0,1,29,3,65,0,0
9229,87.2,4,0,0,0,42,1,53,0,0
9238,19.07,10,2,0,0,40,2,25,0,0
5576,24.73,16,4,0,0,90,3,23,0,0
9414,21.06,7,3,0,0,96,3,49,0,0
193,415.22,12,4,1,0,87,2,48,0,0
5340,1.12,20,0,0,0,61,2,21,0,0
8476,219.69,3,4,0,0,68,0,34,0,0
3003,51.9,21,2,0,0,40,4,41,0,0
6848,107.24,21,1,1,1,69,3,40,0,0
5687,124.99,7,0,0,0,85,2,20,0,0
3226,398.71,0,0,1,0,95,1,27,0,0
652,138.65,6,2,0,0,36,1,57,0,0
9458,369.01,4,0,0,0,39,0,35,0,0
1518,410.95,18,0,0,0,57,0,45,0,0
3399,51.55,12,3,0,0,27,7,25,0,0
822,0.84,20,4,0,0,43,1,36,0,0
12,630.64,18,0,0,0,30,4,25,0,0
838,81.01,2,1,1,0,90,1,29,0,0
6257,173.97,15,2,0,0,35,1,61,0,0
4698,127.58,13,2,0,0,52,3,42,0,0
1708,43.81,20,3,0,0,72,2,61,0,0
3427,149.17,21,3,0,0,54,2,43,0,0
7292,14.62,17,1,0,0,52,5,41,0,0
1581,47.5,8,0,0,0,64,4,46,0,0
8165,84.98,20,0,0,0,52,2,54,0,0
2064,110.66,14,4,0,0,25,5,61,0,0
7461,117.52,13,4,0,0,49,0,42,0,0
2753,54.18,13,1,0,0,91,2,27,0,0
7080,241.3,6,3,0,0,33,3,65,0,0
4050,40.51,3,1,1,0,34,1,36,1,1
8120,135.84,22,2,0,0,48,4,31,0,0
3283,347.55,23,3,0,0,61,2,52,0,0
2968,148.63,11,2,0,0,68,2,40,0,0
3966,278.68,5,3,0,0,35,1,21,0,0
5364,213.72,0,4,0,0,90,3,48,0,0
1794,205.23,8,1,0,0,48,2,66,0,0
5270,65.47,18,4,0,0,50,3,26,0,0
6386,178.24,5,3,0,0,55,2,19,0,0
4917,71.51,21,0,0,0,33,3,53,0,0
7240,102.46,1,1,0,0,77,3,63,0,0
1544,53.36,17,0,0,0,68,1,37,0,0
4433,116.02,5,2,0,0,68,4,55,0,0
3358,86.86,16,2,0,1,45,4,22,0,0
1463,20.29,13,0,0,1,79,1,64,0,0
1712,11.4,8,2,0,0,58,1,46,0,0
1883,182.05,4,2,0,0,81,2,64,0,0
4225,157.5,2,0,0,0,99,1,39,0,0
6271,77.54,9,3,0,0,80,1,23,0,0
4835,142.55,6,0,0,0,72,3,21,0,0
9459,195.86,7,2,0,0,58,2,47,0,0
5320,156.08,9,3,0,0,46,2,60,0,0
4721,76.17,22,0,0,0,71,3,25,0,0
3915,607.32,23,3,0,0,86,2,64,0,0
6360,201.54,5,0,0,0,59,4,20,0,0
4298,29.56,0,4,0,0,47,4,35,0,0
1431,109.17,6,0,0,0,53,4,28,0,0
9279,4.32,7,2,0,0,92,3,40,0,0
4107,605.0,16,2,0,0,92,3,36,0,0
7309,280.31,16,3,0,0,38,1,48,0,0
8315,90.68,1,1,0,0,90,3,59,0,0
7119,212.31,4,3,1,0,91,0,31,0,0
1647,24.59,2,3,0,0,69,1,33,0,0
4508,4.36,11,1,0,0,35,0,29,0,0
9883,81.87,21,0,0,0,31,5,62,0,0
6932,17.67,21,4,0,0,39,2,25,0,0
8174,63.8,19,0,1,0,51,6,69,0,0
9656,148.88,0,4,0,0,38,0,59,0,0
5154,257.18,4,0,0,0,42,2,34,0,0
5651,243.64,6,1,0,0,79,0,28,0,0
7063,203.47,5,3,0,0,72,2,69,0,0
1077,87.31,1,4,0,0,61,3,60,0,0
841,2.37,8,3,1,0,30,0,54,0,0
8893,708.45,8,1,0,1,58,1,50,0,0
4215,182.79,6,4,0,0,70,0,43,0,0
6207,53.85,18,2,0,0,39,2,63,0,0
2083,112.23,16,3,1,0,75,2,45,0,0
7430,197.27,14,3,0,0,25,1,33,0,0
8807,96.46,11,3,0,0,52,1,37,0,0
2030,191.13,11,0,0,0,97,2,61,0,0
1083,97.3,14,2,0,0,73,2,52,0,0
5952,31.31,7,3,0,0,62,2,26,0,0
9486,175.95,22,3,0,0,99,3,35,0,0
7697,96.33,23,3,0,0,85,5,34,0,0
3568,198.05,14,0,0,0,37,0,45,0,0
4405,820.24,14,4,1,0,98,3,66,0,0
983,20.29,21,2,0,0,73,4,66,0,0
1210,1053.28,16,1,0,0,84,0,51,0,0
9045,109.63,20,2,0,0,57,0,38,0,0
9645,85.0,15,2,0,0,62,1,28,0,0
2644,185.98,14,3,0,0,64,2,45,0,0
3476,292.25,15,4,0,0,96,0,60,0,0
7768,85.47,9,4,0,1,37,1,50,0,0
5829,80.77,23,2,0,0,68,4,34,0,0
4495,239.06,1,4,0,0,77,2,44,0,0
8581,56.64,4,2,0,0,86,0,36,0,0
2726,64.95,6,1,0,0,60,1,65,0,0
2877,123.88,20,1,0,0,54,3,62,0,0
8439,184.25,13,1,0,0,33,2,47,0,0
5338,152.27,10,3,0,0,60,4,40,0,0
2631,180.29,3,2,1,1,33,2,33,1,1
9638,3.37,13,3,0,0,89,4,66,0,0
9989,6.12,23,1,0,0,77,1,65,0,0
6651,16.73,15,4,0,0,39,1,53,0,0
3232,168.46,9,0,0,0,79,3,29,0,0
6564,154.84,23,2,0,0,60,4,56,0,0
6919,171.97,13,0,0,0,82,3,48,0,0
3135,40.23,6,0,0,0,97,6,31,0,0
5047,121.13,8,2,0,0,96,2,40,0,0
9668,44.56,9,3,0,0,53,5,62,0,0
7797,497.21,15,3,0,0,93,2,68,0,0
9086,26.78,2,2,0,0,31,2,25,0,0
4078,58.11,10,4,0,1,31,1,41,0,0
4877,165.36,19,4,0,0,37,0,68,0,0
4279,24.41,11,2,0,0,61,2,46,0,0
1793,129.22,15,3,0,0,45,0,32,0,0
794,170.16,4,1,0,0,80,4,29,0,0
8526,4.1,3,4,0,0,52,2,21,0,0
5496,73.1,4,3,0,0,69,2,69,0,0
9566,74.87,20,4,0,0,62,4,35,0,0
2853,38.28,3,0,0,0,38,3,60,0,0
2617,80.4,5,2,0,0,52,2,68,0,0
2471,46.52,16,3,0,0,85,2,26,0,0
2400,182.36,3,4,0,0,39,3,68,0,0
9205,486.14,14,3,0,0,57,1,65,0,0
4368,104.96,19,2,0,0,69,2,41,0,0
7818,508.03,0,4,0,0,41,2,53,0,0
2002,51.06,16,3,0,1,64,2,39,0,0
3637,456.3,4,3,0,0,43,2,47,0,0
8804,869.46,10,3,1,0,67,3,34,0,0
7607,37.46,19,1,0,0,29,4,65,0,0
2779,106.16,7,1,0,0,40,1,30,0,0
1363,175.58,21,1,0,0,62,3,49,0,0
2239,14.81,14,4,0,0,50,6,69,0,0
4924,383.0,19,1,0,0,97,0,28,0,0
9478,382.03,4,1,0,0,47,1,39,0,0
7448,53.23,4,2,0,0,57,1,57,0,0
5557,21.48,18,1,0,1,92,1,67,0,0
4990,264.34,16,1,0,0,86,2,48,0,0
3486,161.74,20,1,0,1,33,1,32,0,0
9635,60.68,11,4,0,0,39,4,22,0,0
2426,414.62,12,3,0,0,82,2,64,0,0
2758,397.54,17,1,0,0,34,0,21,0,0
1823,171.82,4,4,0,0,60,3,33,0,0
714,95.54,7,2,0,0,31,1,24,0,0
8831,75.62,1,4,0,0,81,2,66,0,0
9725,26.79,17,2,0,0,27,1,22,0,0
6054,90.21,13,4,0,0,68,3,40,0,0
1548,143.82,16,1,0,0,91,1,22,0,0
1173,179.85,11,2,0,0,27,1,47,0,0
9012,82.3,20,2,1,0,93,3,52,0,0
8253,1.93,5,1,0,0,99,3,18,0,0
1945,279.73,6,2,0,0,56,1,69,0,0
3630,177.67,18,2,0,1,44,2,34,0,0
8934,198.26,1,3,0,0,36,2,68,0,0
7985,103.94,21,1,1,0,42,2,22,0,0
9393,48.31,13,1,0,0,64,0,63,0,0
4750,291.87,14,1,0,0,58,2,24,0,0
1667,42.09,4,2,0,0,79,1,18,0,0
9851,186.9,10,1,0,0,87,1,44,0,0
3099,1.5,1,0,0,0,36,3,33,0,0
5610,110.68,0,3,0,0,45,2,46,0,0
5264,10.11,15,4,0,0,75,3,31,0,0
1320,11.21,12,4,0,0,66,1,37,0,0
9952,201.05,0,0,0,0,81,4,42,0,0
2923,305.47,7,3,0,0,48,2,26,0,0
4475,199.13,22,4,0,0,59,1,45,0,0
5175,106.25,12,2,1,0,26,1,67,0,0
5066,6.73,20,2,1,0,26,2,45,0,0
4607,336.89,18,0,0,0,74,1,67,0,0
7469,171.42,3,2,0,0,44,1,59,0,0
2831,118.02,6,1,0,0,75,2,52,0,0
6519,711.15,22,4,0,0,26,2,54,0,0
8854,210.71,6,2,0,0,85,2,31,0,0
8496,686.95,18,0,0,0,67,4,36,0,0
8980,72.84,5,2,0,0,61,1,31,0,0
6397,124.12,3,2,0,0,44,2,64,0,0
7370,416.11,18,0,0,0,32,6,42,0,0
9365,60.35,21,3,0,0,61,1,35,0,0
4186,180.13,9,4,0,0,53,0,19,0,0
4570,352.76,0,4,0,0,66,2,26,0,0
9492,7.99,2,4,0,0,66,0,55,0,0
871,84.11,15,4,0,0,49,4,60,0,0
6430,160.84,23,0,0,0,43,2,62,0,0
2469,116.17,5,0,0,0,33,2,35,0,0
2554,531.1,11,3,0,0,95,2,36,0,0
3799,34.09,17,1,0,0,27,2,33,0,0
6566,79.26,3,0,0,0,25,1,38,0,0
5630,17.24,23,0,0,0,88,3,57,0,0
2595,27.75,9,4,0,0,31,2,43,0,0
8150,52.32,3,2,0,0,94,2,51,0,0
3642,430.33,11,1,0,0,60,4,43,0,0
2719,337.99,18,1,0,0,44,3,21,0,0
8718,211.69,14,1,0,1,80,0,31,0,0
8308,74.18,8,1,0,0,81,4,32,0,0
6416,99.54,6,2,0,0,56,3,60,0,0
5785,3.07,8,3,0,0,35,0,27,0,0
9743,343.76,12,0,0,0,46,4,33,0,0
1013,519.02,15,3,0,0,80,3,61,0,0
4056,2.94,18,3,0,0,69,1,21,0,0
3619,286.07,13,3,0,0,31,1,27,0,0
9628,370.32,6,1,1,0,95,2,29,0,0
7604,421.88,17,4,0,1,89,2,67,0,0
9440,226.1,21,0,0,0,91,2,26,0,0
6331,6.89,3,3,0,0,27,2,69,0,0
4893,169.4,16,4,0,0,52,0,62,0,0
9979,541.45,5,3,0,0,87,2,66,0,0
8691,100.56,8,1,0,0,76,2,45,0,0
3277,333.65,19,2,1,0,51,1,35,0,0
4498,25.73,22,4,0,1,66,2,37,0,0
6288,101.85,1,2,1,0,96,1,37,0,0
4862,297.3,9,1,0,0,92,3,20,0,0
5980,154.36,3,0,0,0,91,1,19,0,0
1412,21.36,11,3,0,0,97,1,44,0,0
3737,195.2,14,3,0,1,58,4,67,0,0
3925,835.01,8,0,0,0,33,3,43,0,0
5203,185.29,23,0,0,0,95,2,62,0,0
5395,227.86,10,4,0,0,78,2,46,0,0
9233,473.43,17,0,0,0,31,2,29,0,0
1781,7.05,0,2,0,0,47,4,50,0,0
7230,99.1,12,3,0,1,28,1,23,0,0
8732,244.8,7,3,0,1,88,6,60,0,0
7736,180.85,2,1,0,0,26,5,25,1,1
3508,112.59,7,1,0,1,94,3,66,0,0
8137,90.83,17,2,0,0,85,5,59,0,0
649,280.21,3,3,0,0,96,0,46,0,0
350,176.96,9,3,0,0,50,5,60,0,0
3094,329.64,5,0,1,0,49,5,36,0,1
8391,167.66,1,3,0,0,85,3,67,0,0
2827,234.92,11,2,1,0,40,2,35,0,0
1346,99.76,19,4,0,0,88,1,58,0,0
5403,571.21,15,4,0,1,73,2,43,0,0
9673,88.37,10,4,1,0,51,0,47,0,0
3167,471.39,17,1,0,0,46,2,48,0,0
5383,54.41,16,0,0,0,71,1,55,0,0
9799,96.42,7,0,0,1,98,1,47,0,0
6508,444.01,21,3,0,0,80,4,19,0,0
1034,23.13,7,3,0,0,61,5,47,0,0
8263,255.69,1,3,1,0,43,2,36,0,0
6021,97.43,3,2,0,0,41,3,30,0,0
1001,36.85,9,2,0,0,95,1,60,0,0
7100,396.9,18,3,0,0,79,2,51,0,0
1271,213.73,14,1,0,0,25,6,23,0,0
390,295.96,4,2,1,0,90,1,33,0,0
4482,114.87,8,2,0,0,81,4,55,0,0
1328,280.66,6,3,0,0,90,0,69,0,0
4813,2.4,8,1,0,0,92,1,45,0,0
4632,67.33,23,3,0,0,27,2,55,0,0
3836,65.05,22,0,0,0,83,2,68,0,0
5953,280.99,17,4,0,0,51,1,19,0,0
2296,1.38,16,4,0,1,59,4,40,0,0
3432,841.59,10,3,0,0,60,2,31,0,0
5109,261.9,5,4,1,0,77,0,55,0,0
4088,167.65,14,2,0,0,89,4,36,0,0
8717,134.16,3,0,0,0,73,1,66,0,0
9231,116.31,5,3,0,0,69,2,48,0,0
2917,243.79,0,2,0,0,74,2,43,0,0
4140,146.38,6,4,0,0,75,1,44,0,0
7810,3.8,16,2,1,0,41,3,27,0,0
1337,40.06,11,3,0,0,58,1,38,0,0
627,111.76,22,1,0,0,66,0,52,0,0
4937,432.53,10,0,0,0,38,2,33,0,0
2082,12.14,19,2,0,0,57,3,69,0,0
3035,58.59,13,1,0,0,88,4,57,0,0
7194,34.94,11,0,0,0,60,0,19,0,0
676,726.96,23,2,0,0,43,2,50,0,0
9754,263.35,9,1,0,0,65,1,25,0,0
5538,377.39,22,0,0,1,98,3,63,0,0
7234,141.3,4,2,0,0,53,2,38,0,0
9548,6.12,17,4,0,0,41,2,49,0,0
7057,292.11,9,2,0,0,27,4,48,0,0
210,31.56,23,1,0,0,50,2,26,0,0
7781,109.42,18,3,0,0,37,0,49,0,0
5724,27.44,0,0,0,0,95,5,61,0,0
4196,37.18,22,3,0,0,29,1,31,0,0
9413,252.39,10,2,0,0,48,3,55,0,0
4353,96.24,16,1,0,0,77,1,66,0,0
5243,125.47,13,3,0,0,79,0,54,0,0
2437,87.65,4,2,1,0,45,1,23,0,0
2536,323.4,11,0,0,0,50,1,43,0,0
4260,92.16,16,4,0,0,58,4,23,0,0
8305,7.41,19,3,0,0,26,3,42,0,0
678,91.31,10,2,0,0,76,1,46,0,0
8569,107.01,11,2,0,1,40,2,22,0,0
9815,566.83,5,4,0,0,93,2,68,0,0
1298,19.88,4,2,0,1,99,1,28,0,0
377,335.43,23,2,0,0,45,1,54,0,0
6476,465.43,8,1,0,0,65,1,51,0,0
9987,70.69,2,4,0,1,90,2,67,0,0
2817,124.37,22,2,0,0,67,0,49,0,0
4502,129.77,5,0,0,0,90,1,45,0,0
791,29.96,6,0,0,0,38,3,33,0,0
8140,61.11,14,2,0,1,57,4,34,0,0
4814,129.06,5,2,0,0,35,1,58,0,0
7765,193.88,16,2,0,0,92,1,27,0,0
7156,311.45,20,3,0,0,27,2,24,0,0
9503,146.49,5,4,0,0,87,1,33,0,0
7684,118.55,6,2,0,0,26,4,30,0,0
7094,24.47,3,2,0,0,39,2,64,0,0
3937,97.18,23,3,0,0,52,4,67,0,0
7931,310.47,15,0,0,0,67,2,62,0,0
1203,4.03,20,3,0,0,57,0,19,0,0
6893,478.68,11,4,0,0,27,0,46,0,0
4463,1019.26,8,4,0,0,69,2,62,0,0
5231,196.71,14,2,0,0,47,1,62,0,0
7296,689.19,15,2,0,0,30,2,57,0,0
521,162.31,17,2,0,0,95,4,54,0,0
5875,96.7,1,2,0,0,47,2,36,0,0
3805,54.12,21,4,0,0,51,1,47,0,0
4518,408.4,1,0,0,0,27,6,46,1,1
8129,363.61,14,3,0,1,81,0,38,0,0
6293,545.47,4,1,0,0,45,3,27,0,0
2545,16.7,19,2,0,0,62,2,67,0,0
3528,256.35,6,0,0,0,76,4,49,0,0
9974,11.22,1,3,0,1,25,4,32,1,1
6658,69.57,1,3,0,0,54,1,44,0,0
7391,188.9,14,0,0,0,57,0,45,0,0
6336,245.79,11,0,0,0,52,3,61,0,0
3649,163.55,10,1,0,0,85,3,32,0,0
1869,25.43,16,0,1,0,72,3,55,0,0
5455,219.15,18,0,0,0,44,3,55,0,0
7550,219.09,0,3,0,0,30,3,35,0,0
9637,495.79,17,4,0,0,75,1,64,0,0
5539,135.21,8,4,0,0,92,2,31,0,0
6526,1177.86,23,0,0,0,55,3,45,0,0
1286,131.26,19,2,0,0,57,2,51,0,0
4179,71.27,21,2,0,1,93,1,61,0,0
5478,212.78,7,2,0,0,68,0,53,0,0
4250,627.16,4,3,0,0,62,2,59,0,0
8415,25.8,5,4,0,0,68,3,63,0,0
76,235.02,4,4,0,1,38,2,53,0,0
2676,60.99,4,3,0,0,60,0,52,0,0
9395,85.48,6,4,0,0,59,2,51,0,0
7859,26.39,15,3,0,0,26,4,28,0,0
9549,114.36,19,3,0,0,93,1,41,0,0
2394,27.69,4,1,0,0,62,3,29,0,0
3276,310.06,4,4,0,0,62,1,24,0,0
7556,107.48,0,3,0,0,99,1,34,0,0
3939,33.74,21,0,0,0,94,0,45,0,0
1409,158.46,15,0,1,0,95,2,30,0,0
2236,161.91,16,1,0,1,58,2,62,0,0
6473,187.7,16,3,0,0,41,4,52,0,0
7666,58.49,1,2,0,1,91,0,65,0,0
820,73.49,15,0,0,0,30,2,23,0,0
7677,249.04,12,4,0,0,30,0,47,0,0
971,196.14,19,2,0,0,76,3,44,0,0
6844,16.07,21,4,0,0,42,1,66,0,0
5399,90.3,7,2,0,0,65,1,24,0,0
619,295.37,5,3,0,0,64,4,28,0,0
1556,42.9,0,3,1,0,32,1,62,1,1
1632,76.87,6,2,0,0,54,1,52,0,0
6138,487.07,16,1,0,1,86,2,46,0,0
8473,105.53,20,1,0,0,68,2,47,0,0
2096,283.38,21,4,0,0,46,4,40,0,0
9353,376.36,5,0,0,1,30,3,51,0,0
8785,150.43,15,0,0,0,76,1,32,0,0
5711,33.27,5,4,0,0,49,3,34,0,0
6896,407.81,17,2,0,1,92,2,33,0,0
7303,57.81,23,4,0,0,44,1,68,0,0
1167,321.23,5,2,0,0,35,0,67,0,0
6926,7.27,7,4,0,0,71,3,35,0,0
1854,337.35,7,0,0,0,39,3,18,0,0
2682,324.85,22,3,0,0,68,2,42,0,0
6786,373.94,4,3,0,0,30,1,27,0,0
8104,8.74,9,4,0,0,84,2,25,0,0
7669,368.58,5,0,0,0,54,1,64,0,0
6889,29.13,0,4,1,0,99,4,42,0,0
8876,21.48,12,3,0,0,42,0,68,0,0
800,460.34,7,4,0,0,44,1,68,0,0
6882,41.5,3,4,0,0,41,0,35,0,0
5458,89.24,11,3,0,0,38,1,55,0,0
3560,110.77,8,3,0,0,45,0,36,0,0
8074,208.43,8,4,0,0,78,1,51,0,0
5131,147.46,7,2,0,0,55,3,24,0,0
4084,247.44,14,1,0,0,30,3,62,0,0
7957,199.2,20,2,0,0,39,4,55,0,0
3689,12.32,16,4,0,0,98,2,60,0,0
1634,285.65,11,0,0,1,65,1,18,0,0
3378,37.42,3,4,0,0,77,6,28,0,0
3116,377.89,12,2,0,0,47,1,69,0,0
5751,50.26,15,4,0,0,60,2,26,0,0
4572,202.25,9,3,0,0,69,2,24,0,0
6408,67.99,5,4,0,0,87,2,24,0,0
3911,7.21,5,3,0,0,88,2,66,0,0
8034,20.83,1,3,1,0,63,0,21,0,0
5165,28.82,20,1,0,0,96,2,57,0,0
1764,120.58,15,4,0,0,49,1,60,0,0
3051,41.37,0,1,0,0,82,3,67,0,0
3430,159.15,20,1,0,0,86,2,29,0,0
7949,483.65,19,2,0,0,45,2,57,0,0
7987,275.81,23,1,0,0,32,0,67,0,0
9005,178.98,19,0,0,1,74,4,22,0,0
7267,38.26,15,3,0,0,92,0,47,0,0
2173,34.6,14,3,0,1,43,2,30,0,0
7128,58.67,10,0,0,0,43,0,36,0,0
4516,94.17,19,4,0,0,83,2,32,0,0
5508,70.16,15,3,0,0,45,3,65,0,0
4222,171.18,10,2,0,0,92,1,66,0,0
3303,147.39,0,1,1,0,49,4,61,0,0
2517,3.47,8,0,0,0,88,4,28,0,0
1498,112.08,23,4,1,0,29,1,50,0,0
7741,166.63,5,0,0,0,51,1,59,0,0
2135,228.72,3,1,0,0,92,0,52,0,0
582,704.46,11,1,0,0,33,2,49,0,0
732,303.32,18,4,0,0,94,2,57,0,0
6398,71.96,9,2,0,0,83,1,46,0,0
7850,2.47,3,0,0,0,49,1,18,0,0
5861,109.38,9,4,0,0,64,0,64,0,0
7387,17.92,20,0,0,0,55,4,41,0,0
7775,73.22,0,2,0,0,64,1,64,0,0
7753,24.69,4,3,0,0,48,0,59,0,0
6419,258.34,2,3,0,0,60,1,46,0,0
3206,327.53,17,0,0,0,61,2,34,0,0
6816,25.25,6,3,0,0,95,1,34,0,0
6754,16.28,20,1,0,0,48,2,40,0,0
7718,459.9,23,4,0,0,42,1,20,0,0
3278,119.48,5,1,0,0,33,0,36,0,0
8171,304.74,9,4,0,0,70,2,30,0,0
1926,17.57,11,0,0,0,63,3,63,0,0
7216,170.26,13,3,0,0,26,3,37,0,0
2159,107.73,22,1,0,1,66,1,65,0,0
6996,156.04,8,1,0,0,82,0,53,0,0
100,20.55,19,0,0,0,91,3,45,0,0
2762,1.42,9,4,0,0,36,1,57,0,0
5991,2.41,17,2,0,0,35,1,50,0,0
7511,326.44,8,2,0,0,57,2,31,0,0
3889,178.88,4,2,0,0,47,4,25,0,0
3923,275.26,3,0,1,0,31,2,69,1,1
5314,588.91,3,1,0,0,45,2,27,0,0
5893,122.04,7,2,0,0,51,0,62,0,0
6966,24.34,8,2,0,0,72,1,41,0,0
6225,20.13,6,0,0,0,62,3,37,0,0
7198,261.56,15,1,0,0,69,0,26,0,0
8206,53.01,22,0,0,0,97,1,62,0,0
5259,97.17,18,2,0,0,51,2,37,0,0
5962,529.26,7,4,0,0,82,1,43,0,0
3209,104.11,10,3,0,0,27,1,32,0,0
3348,40.67,17,0,0,0,89,0,48,0,0
8684,167.75,9,0,0,0,76,2,66,0,0
3401,12.53,15,3,0,0,87,3,25,0,0
8019,109.69,13,0,0,0,36,3,69,0,0
6219,84.13,14,3,0,0,73,1,60,0,0
4714,251.06,19,0,0,0,80,1,29,0,0
4988,165.05,5,2,0,0,28,4,63,0,0
1930,12.07,22,3,0,0,62,3,42,0,0
491,109.47,10,3,0,1,45,2,51,0,0
6390,149.81,4,0,0,0,94,2,67,0,0
149,9.51,16,4,0,0,85,5,53,0,0
511,171.07,19,4,0,1,62,4,57,0,0
1058,92.53,6,2,0,0,32,1,32,0,0
5907,106.59,16,2,0,0,97,2,46,0,0
4547,2.51,11,2,0,0,33,3,36,0,0
880,45.18,13,0,0,0,65,2,60,0,0
1738,38.96,16,4,0,0,44,0,39,0,0
411,69.24,16,4,0,0,37,2,43,0,0
7960,7.08,1,3,0,0,64,1,62,0,0
6192,185.31,17,0,0,0,80,3,49,0,0
2406,167.55,7,3,0,0,45,2,47,0,0
538,51.15,15,3,0,0,67,2,34,0,0
4337,164.69,20,4,0,0,73,2,64,0,0
2495,128.87,20,3,0,0,86,1,30,0,0
5475,1.78,7,0,0,0,96,1,62,0,0
2724,110.25,5,2,0,0,74,0,31,0,0
6075,66.03,18,0,0,0,77,3,51,0,0
7143,268.24,15,1,0,0,26,2,43,0,0
7902,44.99,11,4,0,0,64,2,37,0,0
1004,237.17,9,0,0,0,90,0,48,0,0
4304,159.01,0,1,1,0,33,1,54,1,1
1568,18.07,12,4,0,0,65,2,48,0,0
8463,56.74,8,2,0,0,59,2,30,0,0
2635,224.72,20,0,0,0,82,0,67,0,0
43,6.3,11,0,0,0,86,3,22,0,0
4106,196.22,17,1,0,0,39,4,33,0,0
8829,89.4,15,3,0,0,96,0,31,0,0
3483,58.39,8,3,0,0,55,1,69,0,0
1722,23.29,2,4,0,0,81,3,21,0,0
4205,20.58,18,4,0,0,28,0,19,0,0
6180,69.11,12,3,0,0,70,0,48,0,0
5571,668.39,15,4,1,0,55,1,63,0,0
2384,101.49,6,1,0,0,39,3,61,0,0
9722,111.69,5,1,0,0,83,1,40,0,0
3909,153.19,6,3,0,0,80,0,23,0,0
1847,23.32,22,1,0,0,64,0,43,0,0
3693,268.69,14,4,0,0,88,5,51,0,0
1553,307.85,3,0,0,0,37,2,59,0,0
4247,51.99,2,3,0,0,68,4,21,0,0
2001,54.61,1,4,0,0,51,3,30,0,0
8295,265.58,19,4,0,0,38,1,39,0,0
7007,137.27,21,1,0,0,54,1,66,0,0
587,14.2,15,4,0,0,25,4,26,0,0
784,76.35,15,2,0,0,57,2,41,0,0
1765,29.26,22,2,0,0,26,0,46,0,0
9663,54.82,17,3,0,0,43,2,65,0,0
8126,0.04,13,1,0,0,71,1,25,0,0
1981,37.07,16,0,0,0,91,2,37,0,0
6554,1.54,19,4,0,0,69,3,45,0,0
6464,56.17,6,2,0,0,85,5,57,0,0
5768,12.54,17,1,0,0,43,0,64,0,0
6762,31.33,18,0,0,0,31,0,25,0,0
8285,159.52,14,4,0,0,58,2,28,0,0
1676,65.41,5,3,0,0,78,1,21,0,0
7172,392.2,16,4,0,0,81,3,52,0,0
239,186.65,20,3,0,0,31,2,65,0,0
3824,71.6,15,0,0,0,94,4,59,0,0
7610,42.71,14,1,0,1,67,1,68,0,0
1416,496.51,16,2,0,0,98,0,52,0,0
9768,257.55,14,4,0,0,40,2,50,0,0
8045,107.93,16,4,1,0,62,1,29,0,0
7008,0.04,11,1,0,0,45,1,57,0,0
6655,49.25,16,0,0,0,65,3,57,0,0
7118,12.26,5,2,0,0,86,1,57,0,0
2452,610.87,9,1,0,0,91,1,62,0,0
4866,181.73,8,2,0,0,28,1,23,0,0
5271,38.53,8,4,0,0,58,1,50,0,0
413,541.43,12,4,0,1,83,3,40,0,0
2281,52.84,10,4,0,0,35,1,22,0,0
8224,410.54,11,2,0,0,89,1,34,0,0
7792,44.57,1,3,0,0,96,4,49,0,0
7052,134.86,11,0,1,0,83,1,50,0,0
6191,215.18,4,0,0,0,91,1,44,0,0
9825,122.61,19,4,0,0,47,3,56,0,0
7257,9.33,10,3,0,0,73,0,49,0,0
3574,819.31,12,4,0,0,78,3,30,0,0
5821,333.21,0,4,0,0,28,0,36,0,0
5359,345.51,1,3,0,0,79,0,52,0,0
3518,87.68,19,4,0,0,41,3,48,0,0
9371,273.19,20,0,0,0,37,1,56,0,0
1119,55.57,12,2,1,0,44,1,53,0,0
4296,63.26,16,1,0,0,29,1,52,0,0
39,207.5,15,3,0,0,64,1,46,0,0
3657,74.91,23,1,0,0,75,0,28,0,0
7930,33.29,14,4,0,1,89,1,31,0,0
2604,68.78,20,1,0,0,70,3,48,0,0
9048,152.47,11,4,0,0,28,2,45,0,0
6102,230.87,23,3,0,0,80,3,51,0,0
1617,925.11,1,0,0,0,62,1,41,0,0
3420,2.61,0,3,0,0,40,1,37,0,0
1155,173.51,7,3,0,0,51,2,53,0,0
2390,209.89,13,2,1,0,79,4,64,0,0
8341,310.25,13,0,0,0,55,1,35,0,0
7839,86.94,3,4,0,0,30,1,64,0,0
4689,141.45,2,4,0,0,99,3,37,0,0
7846,171.6,15,3,0,0,93,3,48,0,0
1739,82.53,1,3,0,0,44,3,51,0,0
201,184.92,17,2,0,0,38,2,65,0,0
6674,11.76,15,4,0,0,77,2,26,0,0
9192,2.84,7,0,0,0,78,0,41,0,0
6750,94.33,8,2,0,0,41,3,37,0,0
3069,52.0,10,0,0,0,73,6,32,0,0
567,89.64,15,1,0,0,58,2,24,0,0
3436,88.75,0,1,0,0,79,5,52,0,0
1095,47.2,14,3,0,0,56,5,54,0,0
6372,74.35,10,2,0,0,57,2,49,0,0
2431,166.26,21,0,1,0,96,1,31,0,0
7647,130.09,19,3,1,0,97,1,47,0,0
5976,547.56,19,3,0,0,74,2,62,0,0
3143,158.07,0,3,0,0,68,2,21,0,0
3147,406.28,20,0,0,0,67,1,44,0,0
2690,93.24,11,0,0,0,78,1,58,0,0
643,42.76,3,0,0,0,57,1,19,0,0
3488,9.61,21,0,0,0,30,0,56,0,0
1293,150.89,14,0,0,0,79,2,31,0,0
7331,43.63,1,0,0,0,67,0,50,0,0
7242,424.8,11,4,0,1,42,0,54,0,0
1141,313.41,9,1,0,0,99,1,48,0,0
8049,367.51,18,0,0,1,84,2,40,0,0
5334,65.03,6,2,0,1,99,2,35,0,0
8613,897.39,10,3,0,0,36,4,65,0,0
4810,353.44,13,4,0,1,59,2,59,0,0
729,40.53,14,3,0,0,79,2,35,0,0
839,156.4,20,3,0,0,98,3,33,0,0
5322,58.88,8,3,0,0,40,2,49,0,0
1507,156.22,3,3,0,0,29,1,54,0,0
228,89.89,3,0,0,0,95,2,29,0,0
5304,402.8,3,3,0,1,80,2,27,0,0
7817,52.62,16,4,0,0,87,1,58,0,0
4131,57.13,13,4,0,0,31,2,51,0,0
7640,4.35,21,3,0,0,41,1,60,0,0
8698,160.26,13,3,0,0,99,3,60,0,0
7171,118.75,17,0,0,0,67,4,39,0,0
3412,25.08,14,0,0,0,31,2,60,0,0
3502,292.09,14,0,0,0,30,1,52,0,0
6888,79.83,3,2,0,1,42,2,33,0,0
5691,47.72,12,1,0,0,84,2,41,0,0
1549,7.99,2,1,1,0,32,3,37,1,1
3004,176.49,21,2,0,1,50,1,22,0,0
4507,238.78,19,0,0,0,47,0,68,0,0
3696,5.5,22,0,0,0,32,2,23,0,0
3132,311.67,21,2,0,0,43,3,22,0,0
6876,102.66,15,3,0,0,80,3,30,0,0
2150,317.11,2,0,0,0,49,7,21,0,0
4962,41.08,7,4,0,0,63,3,56,0,0
2106,68.56,11,1,0,0,70,2,38,0,0
368,424.36,4,3,0,0,39,4,30,0,0
5511,25.75,16,1,0,0,80,3,69,0,0
1964,87.16,8,0,0,0,50,2,43,0,0
4091,238.47,16,4,0,0,54,2,59,0,0
4693,75.91,15,4,0,0,97,2,25,0,0
9985,367.8,8,0,0,0,60,1,53,0,0
933,748.91,13,4,0,0,60,2,65,0,0
7383,783.1,11,0,0,0,72,1,39,0,0
307,130.73,19,4,0,0,71,1,32,0,0
2914,613.18,13,4,0,0,77,2,68,0,0
5632,157.2,18,4,0,0,52,1,47,0,0
4797,32.3,21,3,0,0,69,1,60,0,0
1566,99.21,11,1,0,1,29,2,58,0,0
3121,56.85,8,0,0,0,28,3,33,0,0
467,60.56,6,4,0,0,62,3,51,0,0
7855,123.21,11,3,0,0,57,3,33,0,0
9460,75.26,21,4,0,1,86,4,53,0,0
1305,222.24,21,0,0,0,68,3,49,0,0
3817,80.11,22,2,0,1,45,3,64,0,0
4511,34.5,13,0,0,0,94,4,45,0,0
7338,56.28,14,4,0,0,36,2,36,0,0
7074,13.92,12,0,0,0,96,4,60,0,0
3050,55.24,17,0,0,0,33,4,61,0,0
9337,180.27,14,0,1,0,90,4,65,0,0
8399,351.82,21,1,0,0,46,1,46,0,0
7055,121.36,22,4,0,1,62,2,35,0,0
2460,92.48,7,1,1,0,97,3,36,0,0
4489,272.72,21,1,0,0,38,8,63,0,0
4947,175.69,22,1,0,0,76,0,65,0,0
2657,310.86,6,3,1,1,76,2,36,0,1
4342,8.92,14,0,0,0,76,2,31,0,0
4421,18.65,23,0,0,0,52,2,35,0,0
6938,261.67,21,4,0,0,53,2,67,0,0
6900,98.6,22,0,0,0,93,2,24,0,0
3429,359.69,8,3,0,0,32,0,57,0,0
3626,54.99,17,1,0,0,39,5,18,0,0
1586,26.4,14,1,0,0,91,2,61,0,0
9708,107.91,14,2,0,0,80,2,69,0,0
2585,158.68,3,4,0,0,44,1,68,0,0
4335,86.32,11,4,0,0,59,5,63,0,0
5160,46.06,1,2,0,0,93,3,69,0,0
7932,263.96,4,4,0,0,27,0,65,0,0
3321,143.1,4,1,0,0,60,0,29,0,0
9297,375.33,9,1,0,0,47,2,66,0,0
3389,7.16,0,1,0,0,96,1,41,0,0
3589,24.24,15,1,1,0,77,3,69,0,0
8855,118.34,4,2,0,0,73,1,53,0,0
2995,25.42,21,2,0,0,54,4,50,0,0
6239,362.89,1,3,0,0,39,3,52,0,0
4372,88.0,14,0,0,0,43,3,36,0,0
7263,199.53,4,0,0,0,38,2,56,0,0
5855,93.99,18,3,0,0,57,1,46,0,0
6201,218.69,3,3,0,0,32,2,68,0,0
1792,240.71,21,0,0,0,57,5,31,0,0
7362,108.87,9,0,0,0,88,4,35,0,0
7085,187.99,10,2,0,0,51,2,24,0,0
7540,90.06,0,1,0,0,94,4,28,0,0
7323,118.52,23,0,0,0,56,2,30,0,0
953,34.71,15,3,0,0,75,1,60,0,0
3055,192.48,14,2,0,0,27,3,59,0,0
9446,8.21,19,4,1,1,84,1,35,0,0
2646,80.35,1,0,0,0,26,4,68,0,0
9560,159.1,4,1,0,1,94,3,49,0,0
6766,425.14,5,0,0,0,64,3,60,0,0
7307,322.15,4,2,0,0,28,2,24,0,0
8378,46.31,17,2,0,0,91,1,26,0,0
4568,44.87,1,4,0,1,79,3,52,0,0
586,49.43,9,3,1,0,98,6,46,0,0
1631,254.03,8,2,0,0,73,3,32,0,0
7746,164.68,16,1,0,0,87,0,38,0,0
6023,349.02,2,2,0,0,45,2,43,0,0
6071,536.66,0,2,1,0,98,3,22,0,0
7487,98.33,4,4,0,0,58,3,39,0,0
8650,43.28,23,3,0,0,45,4,62,0,0
9911,71.59,23,4,0,0,27,3,33,0,0
743,247.82,6,1,0,0,47,1,46,0,0
7468,189.37,21,1,0,0,75,2,43,0,0
7700,58.45,8,2,0,1,34,4,23,0,0
7687,247.55,20,2,0,0,37,1,22,0,0
9872,130.93,0,0,0,0,50,7,56,0,0
9554,182.65,2,1,1,1,31,2,28,1,1
6396,58.6,9,2,0,0,69,2,55,0,0
1885,31.4,18,1,0,0,54,1,34,0,0
8452,21.99,12,4,0,0,55,1,38,0,0
5461,289.82,19,3,0,0,81,2,53,0,0
9750,485.96,19,4,0,0,60,2,54,0,0
8152,312.51,10,3,0,0,30,2,50,0,0
3029,200.37,10,2,0,0,49,0,33,0,0
809,107.89,2,1,0,0,27,2,42,0,0
9670,274.73,1,3,1,0,58,4,37,0,0
2256,152.66,10,2,0,0,87,0,31,0,0
9517,114.09,22,3,0,0,42,5,69,0,0
357,4.84,20,4,0,0,74,2,33,0,0
6049,303.37,8,4,0,0,71,2,54,0,0
5207,291.36,13,0,0,0,73,1,18,0,0
8818,79.56,3,2,0,0,82,2,61,0,0
916,103.13,3,2,0,1,45,0,32,0,0
6639,16.07,19,4,0,0,36,0,53,0,0
703,73.87,12,3,0,0,40,3,50,0,0
3269,178.2,11,0,0,0,83,1,64,0,0
4807,14.59,5,2,0,0,74,1,52,0,0
6586,95.07,2,2,0,0,60,3,38,0,0
6135,3.27,20,0,1,0,92,0,56,0,0
2226,113.86,14,3,0,0,49,2,28,0,0
4542,131.39,14,1,0,0,53,2,22,0,0
5043,38.38,5,1,0,0,40,3,34,0,0
7024,283.21,21,2,0,0,39,2,63,0,0
6124,1354.54,23,1,0,0,38,0,47,0,0
9714,46.21,17,1,0,0,87,2,59,0,0
229,400.69,20,0,0,0,86,0,42,0,0
3871,90.53,4,0,0,0,90,3,28,0,0
9418,55.27,3,3,0,0,39,1,43,0,0
893,319.19,1,2,0,0,85,1,36,0,0
9308,236.87,7,2,0,0,79,2,25,0,0
5562,1091.31,18,3,0,0,74,2,18,0,0
7457,168.46,21,2,0,0,68,2,41,0,0
3281,108.03,5,0,0,0,49,4,28,0,0
8359,9.55,16,2,0,0,66,0,49,0,0
2612,0.69,23,0,0,0,52,2,68,0,0
6705,110.7,6,1,0,0,65,0,33,0,0
3075,163.89,16,2,0,0,43,3,18,0,0
4436,59.28,5,2,0,1,49,1,35,0,0
3067,2.74,6,4,0,0,57,2,24,0,0
2883,41.76,4,1,0,0,52,1,65,0,0
157,200.73,7,3,0,0,34,1,31,0,0
2375,201.18,22,4,0,0,41,2,27,0,0
9394,233.68,10,1,0,0,89,2,34,0,0
2819,1.63,0,2,0,0,39,1,22,0,0
3207,352.32,2,2,1,0,31,2,37,1,1
4284,10.86,17,0,0,1,36,2,55,0,0
6041,162.06,2,2,0,1,59,1,44,0,0
1081,277.81,7,2,0,0,97,0,45,0,0
107,95.09,4,2,0,1,78,6,24,0,0
1788,171.31,9,4,0,0,76,2,61,0,0
681,305.76,15,0,0,0,48,2,27,0,0
7432,110.95,6,2,0,0,94,3,40,0,0
6445,162.82,18,4,0,0,48,2,31,0,0
4620,352.23,8,0,0,0,59,0,29,0,0
7803,772.92,5,2,0,1,35,0,56,0,0
1653,54.96,12,1,0,0,47,7,33,0,0
4747,37.9,15,2,0,0,45,1,44,0,0
686,146.46,7,3,0,0,48,1,44,0,0
523,630.67,5,0,1,1,70,2,29,0,0
3780,411.58,21,2,0,0,87,2,65,0,0
4931,99.22,1,4,0,0,35,2,34,0,0
6602,163.32,2,3,0,0,75,2,21,0,0
7019,79.32,1,0,0,0,59,2,45,0,0
2088,192.49,19,4,1,0,80,3,28,0,0
6286,151.42,17,4,0,0,53,3,57,0,0
3997,73.27,11,0,0,0,34,4,48,0,0
8245,72.88,23,0,0,0,92,0,66,0,0
4989,236.52,21,1,0,0,43,2,23,0,0
660,152.24,19,3,0,0,91,0,36,0,0
6615,19.33,19,3,0,0,35,3,31,0,0
5050,131.86,8,0,0,0,64,0,55,0,0
2677,82.53,19,2,0,0,75,5,29,0,0
7528,142.78,12,0,0,0,56,2,41,0,0
4646,243.85,13,4,0,0,98,3,67,0,0
6821,118.48,14,3,0,0,50,4,24,0,0
8574,56.3,7,3,0,0,41,2,50,0,0
7149,105.35,19,0,0,0,82,4,53,0,0
3563,10.56,8,2,0,0,85,2,44,0,0
4021,95.37,10,4,0,0,37,0,67,0,0
6779,816.42,14,3,0,0,65,3,30,0,0
7006,85.12,20,4,0,0,87,4,63,0,0
306,670.24,10,1,0,1,97,3,43,0,0
7889,68.52,11,3,0,0,88,3,50,0,0
646,398.17,1,4,1,1,72,2,62,1,1
2065,9.6,2,4,0,0,88,2,55,0,0
549,132.23,7,0,0,0,45,2,64,0,0
4529,152.81,2,0,0,0,37,3,53,0,0
6015,109.24,12,2,0,0,40,2,22,0,0
2936,32.96,20,4,0,1,62,2,57,0,0
8509,445.73,6,3,0,0,65,3,46,0,0
6755,0.26,4,2,0,0,37,3,28,0,0
9385,137.78,1,4,0,0,30,1,25,0,0
6147,129.24,19,2,0,0,99,5,47,0,0
513,485.82,17,3,0,0,39,3,26,0,0
3839,488.58,21,1,0,0,33,4,19,0,0
1827,7.71,17,4,0,0,90,0,30,0,0
4642,67.55,6,0,0,1,64,1,39,0,0
648,204.59,14,4,0,0,49,2,40,0,0
4873,39.42,9,0,0,0,69,3,36,0,0
8572,88.31,4,1,0,0,49,0,68,0,0
299,175.54,0,3,0,0,97,1,65,0,0
9121,395.89,0,3,0,0,87,2,26,0,0
5996,207.61,14,4,0,0,40,2,35,0,0
2920,64.96,19,1,0,0,84,3,67,0,0
9530,535.91,5,3,0,0,71,0,36,0,0
2058,95.51,17,1,0,0,76,1,25,0,0
4218,124.09,18,3,0,0,34,1,32,0,0
4803,432.29,21,1,0,0,99,5,32,0,0
5205,676.04,20,0,0,0,79,3,57,0,0
1939,124.14,17,2,0,0,81,1,64,0,0
4781,12.71,22,1,1,0,39,1,31,0,0
8069,107.32,1,2,0,0,39,3,24,0,0
2532,317.34,8,3,0,0,48,1,42,0,0
5127,142.3,8,2,0,0,94,1,36,0,0
8328,420.13,11,0,0,0,74,1,61,0,0
7840,366.0,3,0,0,0,86,2,32,0,0
5957,66.51,15,3,0,0,50,1,47,0,0
9419,135.0,15,2,0,0,75,0,60,0,0
8903,272.97,3,0,0,0,96,4,21,0,0
7239,195.2,2,2,0,0,76,3,56,0,0
2965,349.5,18,2,1,0,65,1,60,0,0
5854,358.84,2,4,0,0,64,2,57,0,0
